date,open,high,low,close,adj_close,volume
2020-05-04,2000,2000,1879.15,1892.6,1710.8917,52291
2020-05-05,1979.9,1979.9,1888.4,1890.75,1709.2194,23984
2020-05-06,1904,1930,1877.45,1898.1,1715.8639,19646
2020-05-07,1895,1919.2,1889.45,1897.8,1715.5923,8007
2020-05-08,1908,1938.95,1873,1876.95,1696.7441,20724
2020-05-11,1894.95,1938.25,1883.75,1904.55,1721.6943,20122
2020-05-12,1890,1925.5,1875,1920.4,1736.0225,20852
2020-05-13,1985.1,2020,1920,1930.55,1745.1981,44225
2020-05-14,1928,1968.95,1880,1902.6,1719.9316,29744
2020-05-15,1912,1932,1886.75,1925.25,1740.4067,13893
2020-05-18,1934.9,1934.95,1850.35,1857.35,1679.026,79811
2020-05-19,1875,1907.45,1860,1888.6,1707.2756,123108
2020-05-20,1872,1918.7,1865,1903.7,1720.9259,19525
2020-05-21,1955,2025,1881,1909.3,1725.9883,77297
2020-05-22,1925,2008.25,1880,1993.55,1802.1495,194719
2020-05-26,2000,2010,1967,1992.1,1800.8385,15860
2020-05-27,1992,2030.4,1950,2003.7,1811.325,15851
2020-05-28,2000.05,2019.95,1976,1993.75,1802.3303,29663
2020-05-29,1982.95,2008.9,1966.1,2000.6,1808.5227,41290
2020-06-01,2010.6,2145,2010.6,2066,1867.6436,46027
2020-06-02,2084,2205,2012,2188.2,1978.1113,77370
2020-06-03,2250,2370,2209.95,2277.6499,2058.9734,90820
2020-06-04,2308.6499,2350,2200,2241.6001,2026.3845,36981
2020-06-05,2280,2493.8,2232.55,2440.05,2205.781,103625
2020-06-08,2539,2583.1001,2486,2500.1499,2260.1106,116655
2020-06-09,2525,2548.95,2501,2503.3999,2263.0488,105811
2020-06-10,2497,2531.2,2440.8,2468.95,2231.9063,62721
2020-06-11,2483,2484.45,2402,2416.6499,2184.6274,33512
2020-06-12,2251,2379.5,2215,2349.3999,2123.834,81026
2020-06-15,2385,2385,2280,2318.55,2095.9465,39449
2020-06-16,2379,2380,2283.8,2317.3999,2094.9067,93404
2020-06-17,2324,2373.8501,2285,2349.05,2123.5181,56419
2020-06-18,2369,2420,2349.8,2403.1001,2172.3784,51687
2020-06-19,2467.3501,2569.95,2412.6499,2527.25,2284.6089,102066
2020-06-22,2578.6499,2775,2569.45,2739.1001,2476.1191,73903
2020-06-23,2800,2984.8999,2760.1001,2918.95,2638.7019,158949
2020-06-24,3000,3005,2815,2838.75,2566.2019,88119
2020-06-25,2820,2890,2650,2682.7,2425.1343,115607
2020-06-26,2691.3,2825,2683.5,2705.05,2445.3389,69325
2020-06-29,2723,2770,2605,2622.6499,2370.8499,64120
2020-06-30,2640,2654.8,2525.25,2543,2298.8469,59150
2020-07-01,2587,2599.55,2534,2570.1499,2323.3901,56481
2020-07-02,2610,2639,2570.8,2586.3501,2338.0349,50667
2020-07-03,2592.95,2617.95,2536,2546.5,2302.0107,64130
2020-07-06,2565,2669.95,2565,2654.45,2399.5969,98296
2020-07-07,2684,2888,2668,2852.8999,2578.9932,182357
2020-07-08,2884.5,2897.95,2762.3,2799.8501,2531.0369,103002
2020-07-09,2819,2839,2745.1499,2772.1499,2505.9963,82881
2020-07-10,2768,2825,2707.3501,2732.75,2470.3787,88996
2020-07-13,2765,2765,2681.2,2723.25,2461.7913,128517
2020-07-14,2716,2716,2610,2637.25,2384.0476,58959
2020-07-15,2674.95,2684.95,2600,2606.25,2356.0239,82215
2020-07-16,2630,2630,2552.1001,2590.3,2341.6055,120716
2020-07-17,2602.5,2648,2598.95,2638.8,2385.4492,24481
2020-07-20,2660,2745,2642.8999,2716.05,2455.2825,63512
2020-07-21,2758,2787,2652,2700.3999,2441.135,57334
2020-07-22,2705,2771.3999,2622,2660.1499,2404.7498,78711
2020-07-23,2665,2690,2651.2,2672.05,2415.5068,31608
2020-07-24,2665,2684.95,2651,2674.8999,2418.0833,24151
2020-07-27,2689.7,2695.3501,2666.1001,2682.05,2424.5464,29928
2020-07-28,2688.7,2744.8999,2680.3501,2721.25,2459.9827,61778
2020-07-29,2729,2750,2665.95,2697.8501,2438.8298,145859
2020-07-30,2719,2719,2627.3,2649.6499,2395.2573,48288
2020-07-31,2658,2676,2602.55,2656.1001,2401.0886,73788
2020-08-03,2650,2650,2584,2601.45,2351.6855,24981
2020-08-04,2600,2649.7,2545.1001,2593.8,2344.77,60024
2020-08-05,2595,2664,2594.95,2634.6499,2381.6975,32782
2020-08-06,2690,2699,2650.1001,2660.3999,2404.9753,29485
2020-08-07,2672.8999,2717.1499,2660.3999,2701.05,2441.7227,26300
2020-08-10,2733,2762.95,2700,2708,2448.0054,33606
2020-08-11,2718,2752,2714.8501,2725.6499,2463.9607,17508
2020-08-12,2739,2739,2675.1499,2683.1001,2425.4961,17703
2020-08-13,2699.3501,2733.6001,2670.55,2686.8501,2428.886,16766
2020-08-14,2686.8999,2707.3999,2552.3,2598.8501,2349.3347,55479
2020-08-17,2618.95,2667.25,2600,2612.75,2361.9001,30566
2020-08-18,2639,2645,2624,2629.05,2376.6353,11573
2020-08-19,2640,2653.95,2626.1001,2632.75,2379.9797,11869
2020-08-20,2619,2629.95,2601.55,2614.8,2363.7532,9683
2020-08-21,2639.7,2693,2625.05,2648.7,2394.3984,172465
2020-08-24,2680,2702.2,2650,2667.3999,2411.303,64087
2020-08-25,2671.75,2686.8501,2625.05,2668.1001,2411.9358,82904
2020-08-26,2685,2799.8501,2672,2758.25,2493.4304,199877
2020-08-27,2800,2867.95,2760,2851.6499,2577.863,125650
2020-08-28,2880,2880,2765,2782.1499,2515.0361,53007
2020-08-31,2790,2815.1499,2660.1001,2678.8,2421.6086,45523
2020-09-01,2661.2,2727.7,2633,2648.95,2394.6243,37017
2020-09-02,2648.95,2669.8,2640,2651.3999,2396.8394,17923
2020-09-03,2651.5,2675.8999,2645,2648.6499,2394.3528,14692
2020-09-04,2638,2647.8,2585,2590.5,2341.7864,29477
2020-09-07,2590,2630,2472,2485.05,2246.4602,67357
2020-09-08,2495,2525,2436.95,2456,2220.1992,69747
2020-09-09,2441,2448.75,2385.1001,2435.05,2201.2612,55969
2020-09-10,2442.5,2505,2442.5,2472.05,2234.709,21649
2020-09-11,2480,2493.6001,2453.3,2461.1499,2224.855,10273
2020-09-14,2467,2498.3,2456.95,2470.6001,2233.3979,17060
2020-09-15,2470.6499,2517.05,2460.6001,2499.3501,2259.3875,20256
2020-09-16,2509.95,2532,2500,2518.2,2276.428,15916
2020-09-17,2530,2530,2476.3501,2486.7,2247.9517,10281
2020-09-18,2496.95,2620.05,2480.45,2587.5,2339.0742,78724
2020-09-21,2608,2615,2490,2516.3999,2274.8008,20393
2020-09-22,2480.05,2509.6001,2392.5,2404.25,2173.4182,55015
2020-09-23,2498.3999,2538,2401,2494.75,2255.2292,25531
2020-09-24,2425.05,2460,2405.05,2427.1001,2194.0745,19180
2020-09-25,2459.95,2499,2390.45,2441,2206.6399,32098
2020-09-28,2467,2520,2465.05,2492.6001,2253.2861,16278
2020-09-29,2500,2509,2410.3,2434.45,2200.7185,29069
2020-09-30,2434.45,2446.45,2401,2413.95,2182.1865,15996
2020-10-01,2438,2489,2423.6499,2449.5,2214.3237,38863
2020-10-05,2471,2478.95,2422.45,2427.75,2194.6614,18383
2020-10-06,2439,2474,2439,2461.7,2225.3525,21171
2020-10-07,2472,2472,2420.2,2427,2193.9841,10798
2020-10-08,2431.05,2452,2394,2400.55,2170.0737,27881
2020-10-09,2402.05,2430,2369,2398.7,2168.4011,38741
2020-10-12,2424.3999,2424.3999,2375,2398.7,2168.4011,55773
2020-10-13,2398.7,2419.6499,2390.05,2400.3,2169.8474,126903
2020-10-14,2402,2420,2386.5,2405,2174.0967,106144
2020-10-15,2416.95,2420,2341.3999,2376.6001,2148.4231,85192
2020-10-16,2376.6001,2397.7,2345,2354.05,2128.0381,70672
2020-10-19,2388.8999,2388.8999,2355,2363.6499,2136.7161,10034
2020-10-20,2364,2376.3999,2341,2350,2124.3762,54248
2020-10-21,2361.6499,2379.8999,2331.6499,2348.95,2123.4277,85551
2020-10-22,2348,2350,2290,2301.8,2080.8042,57494
2020-10-23,2303.05,2332,2248,2261.6499,2044.5088,105479
2020-10-26,2270,2305.45,2252.1499,2296.8999,2076.3748,33730
2020-10-27,2313,2313,2212.6499,2265.2,2047.7184,155124
2020-10-28,2275,2307.45,2244.25,2279.5,2060.6458,28429
2020-10-29,2256.8,2280.8999,2228.3501,2269.1001,2051.2441,21346
2020-10-30,2282,2326.5,2282,2306.7,2085.2339,36813
2020-11-02,2326,2331.6001,2300,2315,2092.7371,22179
2020-11-03,2332,2345.3999,2299.1499,2300.7,2079.8101,19282
2020-11-04,2320,2322.25,2300,2303.45,2082.2959,13198
2020-11-05,2327.3999,2377,2306.1001,2369.05,2141.5979,35250
2020-11-06,2390,2449,2371.3,2426.8999,2193.8936,63881
2020-11-09,2445,2463.95,2411.45,2445.8999,2211.0696,27786
2020-11-10,2447.45,2538,2447.45,2523.25,2280.9932,64546
2020-11-11,2549,2731,2540,2649.8999,2395.4827,219229
2020-11-12,2670,2728.7,2661,2678.1001,2420.9758,114187
2020-11-13,2680,2715,2631.3,2691.25,2432.8633,83069
2020-11-14,2719,2732.3999,2699,2707.1001,2447.1917,20783
2020-11-17,2715,2776,2653,2712.95,2452.48,126745
2020-11-18,2712.95,2765,2690.2,2750.95,2486.8313,109959
2020-11-19,2770,2999,2751,2878.8501,2602.4519,371158
2020-11-20,2892,3026.1001,2853,3008.8,2719.9255,210940
2020-11-23,3100,3279,3027.3999,3246.8999,2935.1653,467403
2020-11-24,3295,3348.8501,3075,3092.8999,2795.9509,398332
2020-11-25,3124.8501,3148.8,2883,2929.1499,2647.9221,277210
2020-11-26,2950,3075,2940,3005.6001,2717.0327,187516
2020-11-27,3016,3089,3006,3063.75,2769.5999,120914
2020-12-01,3115.5,3115.5,3060,3094.3,2797.2168,79083
2020-12-02,3094.3,3144.2,3070,3104.55,2806.4824,105288
2020-12-03,3115,3150,3105.25,3142.6499,2840.9246,55733
2020-12-04,3164.25,3175,3121,3138.05,2836.7666,43515
2020-12-07,3154,3199,3104.8999,3112.1499,2813.3528,69105
2020-12-08,3124.55,3133.8999,3022,3074.8999,2779.6792,465231
2020-12-09,3101.75,3101.75,3056.8501,3069.95,2775.2046,35053
2020-12-10,3060,3068.95,3033.75,3048.75,2756.0396,28149
2020-12-11,3029.1499,3120,3025.25,3062.25,2768.2439,40231
2020-12-14,3090,3114,3050,3059.3501,2765.6221,46828
2020-12-15,3025.25,3141.45,3025.25,3118.8501,2819.4094,92851
2020-12-16,3145,3170.8999,3105,3148.95,2846.6194,58222
2020-12-17,3147.95,3163,3105,3123.3999,2823.5225,37227
2020-12-18,3103,3129,3053.8,3081.8999,2786.0071,37569
2020-12-21,3011.1001,3106.3501,3011.1001,3070.55,2775.7466,117274
2020-12-22,3071,3189,2850.2,3015.8999,2726.3438,85287
2020-12-23,3030,3087.5,3010,3068.3999,2773.803,34336
2020-12-24,3080.05,3110.95,3052.05,3073.05,2778.0066,25067
2020-12-28,3110,3125.6499,3080,3092.1499,2795.2732,39148
2020-12-29,3147,3147,3008.8999,3066.3,2771.9053,37495
2020-12-30,3086.45,3125,3047.8,3105,2806.8892,24651
2020-12-31,3119,3125,3066.8999,3076.55,2781.1711,33283
2021-01-01,3091.7,3136.8501,3071.2,3119.1499,2819.6804,38786
2021-01-04,3139.95,3152.5,3120.3501,3142.6001,2840.8792,37409
2021-01-05,3142.25,3142.25,3050,3110.8501,2812.1775,30128
2021-01-06,3067,3137,3067,3108.75,2810.2791,31359
2021-01-07,3129.95,3140,3114.8999,3128.05,2827.7266,17953
2021-01-08,3150,3150,3124,3131.3,2830.6638,44992
2021-01-11,3135,3150,3124,3140.3501,2838.8452,28259
2021-01-12,3150,3240,3141.1499,3187.6499,2881.6042,121286
2021-01-13,3200,3239.95,3181.05,3201.6499,2894.2603,86799
2021-01-14,3220,3257.45,3181,3210.1499,2901.9434,47498
2021-01-15,3223,3229.95,3185.25,3201.05,2893.7175,33029
2021-01-18,3207.8999,3207.8999,3120.05,3181.3999,2875.9541,38525
2021-01-19,3176.2,3250,3149.1001,3235.75,2925.0857,75122
2021-01-20,3247.95,3273.75,3203.45,3247.2,2935.4363,53395
2021-01-21,3262.95,3280,3200,3246.2,2934.5327,182612
2021-01-22,3280,3299.6001,3220.05,3283.45,2968.2063,219062
2021-01-25,3330,3330,3264.05,3300.3,2983.4385,92348
2021-01-27,3290,3298.25,3208,3230.3501,2920.2046,104247
2021-01-28,3200,3238.8999,3186.7,3230.3,2920.1592,63416
2021-01-29,3245,3271.3501,3226,3246.6001,2934.8945,38051
2021-02-01,3247,3359.8,3190.05,3300.8999,2983.9802,65297
2021-02-02,3319,3449,3317.8501,3357.3999,3035.0564,56087
2021-02-03,3361,3400.95,3325,3388.55,3063.2156,45568
2021-02-04,3387,3430,3368.05,3419.5,3091.1941,137076
2021-02-05,3420,3529.8999,3414.8,3457.7,3125.7268,54438
2021-02-08,3495,3568.25,3480.05,3518.6001,3180.7795,51521
2021-02-09,3551,3561,3501.3501,3531.3501,3192.3057,37267
2021-02-10,3525,3559,3500.6499,3522.3501,3184.1694,28033
2021-02-11,3520.95,3570,3490,3553.6499,3212.4646,18298
2021-02-12,3550.5,3590,3527.1001,3544.6001,3204.2834,38824
2021-02-15,3544,3598.5,3541.55,3561.25,3219.3347,27831
2021-02-16,3561,3640.8999,3550.3,3618.95,3271.4951,29612
2021-02-17,3618,3621.5,3583.05,3600,3254.3645,26436
2021-02-18,3600.05,3608.95,3552.2,3584.1001,3239.9915,52328
2021-02-19,3584.1001,3645.8999,3510.05,3611,3264.3083,32639
2021-02-22,3612,3625.55,3572.45,3601.05,3255.3135,32256
2021-02-23,3601,3673.1001,3572.45,3651.5,3300.9199,38894
2021-02-24,3651,3672,3567.1001,3631.8999,3283.2019,7281
2021-02-25,3641,3757.1499,3641,3718.2,3361.2161,51595
2021-02-26,3600,3725,3536.6001,3630.2,3281.665,65117
2021-03-01,3693.3,3693.3,3561,3594.1001,3249.0313,76867
2021-03-02,3598,3695.5,3595,3684.1499,3330.4351,23336
2021-03-03,3704,3724.8501,3650,3664.45,3312.6265,104592
2021-03-04,3620,3676.6001,3611.25,3639.55,3290.1169,24759
2021-03-05,3640,3664,3557.6001,3591.3501,3246.5449,38966
2021-03-08,3591.3501,3614.8999,3560.1001,3588.6001,3244.0588,19338
2021-03-09,3589,3625,3588.6001,3615.8501,3268.6929,18152
2021-03-10,3647.8,3647.8,3580.05,3596.45,3251.1555,59027
2021-03-12,3647.25,3647.25,3590,3618.5,3271.0879,39406
2021-03-15,3620,3620,3473.8,3490.25,3155.1514,35658
2021-03-16,3500.05,3588,3480.7,3502.8501,3166.5415,26082
2021-03-17,3520.3999,3529,3441.95,3475.8,3142.0886,19722
2021-03-18,3475.75,3639,3431.3,3537.75,3198.0906,51932
2021-03-19,3538,3607,3360,3429,3099.7815,87375
2021-03-22,3427.8,3455,3366.1499,3428.3,3099.1494,20010
2021-03-23,3439.95,3484,3402.3,3449.75,3118.54,20261
2021-03-24,3449.75,3450.3501,3404.1499,3427.6001,3098.5166,13357
2021-03-25,3410,3425.3,3201,3254.3,2941.855,48418
2021-03-26,3255,3300,3208.6499,3285.55,2970.1052,38892
2021-03-30,3300,3367.25,3141,3197.2,2890.2368,145669
2021-03-31,3197.2,3308.8999,3197.2,3293.05,2976.8843,57510
2021-04-01,3310,3380,3277.3501,3338.7,3018.1516,24520
2021-04-05,3379,3379,3275,3291,2975.0315,61876
2021-04-06,3242,3350,3242,3322.5,3003.5071,48446
2021-04-07,3326,3385,3322.5,3355.45,3033.2937,28261
2021-04-08,3355,3398.8999,3355,3388,3062.7183,52635
2021-04-09,3390,3417.3,3351.95,3409.45,3082.1089,39804
2021-04-12,3325,3366.8501,3225.1499,3279.95,2965.0422,38914
2021-04-13,3264.05,3415.95,3250.1001,3331,3011.1909,25103
2021-04-15,3315.05,3360,3270,3341.1001,3020.3208,13012
2021-04-16,3281.5,3400,3281.5,3378.25,3053.9045,35668
2021-04-19,3290,3350,3230,3334.6001,3014.4453,20006
2021-04-20,3282.3999,3398.7,3282.3999,3377.7,3053.407,21140
2021-04-22,3362,3395.55,3310,3388.45,3063.1252,14684
2021-04-23,3330.1001,3440.1499,3330.1001,3410.6001,3083.1484,19975
2021-04-26,3420,3430,3394.05,3422.95,3094.3127,16429
2021-04-27,3439.8,3439.95,3375,3392.6499,3066.9219,17091
2021-04-28,3410.5,3500,3410.5,3457.8999,3125.9075,30801
2021-04-29,3513,3663,3460.6001,3510.8,3173.7283,145361
2021-04-30,3600,3649,3410,3421.2,3092.731,80888
2021-05-03,3430,3468,3341.3501,3429.1499,3099.9177,32657
2021-05-04,3438,3485,3406.25,3457.8501,3125.8623,20952
2021-05-05,3457.05,3499,3410.2,3432.3,3102.7651,16385
2021-05-06,3432.3,3458.6499,3417.3501,3442.1499,3111.6692,14830
2021-05-07,3451.95,3558.05,3450,3524.7,3186.2932,35605
2021-05-10,3535,3552.3,3482.3501,3524.45,3186.0681,22421
2021-05-11,3515,3557,3476.6001,3513.6001,3176.2598,35979
2021-05-12,3529.95,3550,3475,3548.6001,3207.8992,90657
2021-05-14,3550,3550,3435,3504.2,3167.762,44997
2021-05-17,3510,3570,3491,3556.8501,3215.3574,20657
2021-05-18,3585,3620,3563.3501,3599.95,3254.3191,52314
2021-05-19,3598.95,3677,3572.05,3647.6499,3297.4395,63361
2021-05-20,3655,3665,3600,3622.8501,3275.0208,13371
2021-05-21,3625,3660.75,3564,3588.25,3243.7427,19259
2021-05-24,3588,3637.25,3545,3556.45,3214.9954,46638
2021-05-25,3556.45,3586.1499,3540,3560.1001,3218.2954,130069
2021-05-26,3578.8,3598,3548.95,3568.6499,3226.0244,34837
2021-05-27,3588,3623.6001,3571.2,3591.1001,3246.3191,12229
2021-05-28,3591,3618.3501,3502,3513.1499,3175.8528,39430
2021-05-31,3548,3560,3525,3550.45,3209.5715,133830
2021-06-01,3574,3584.8,3457,3505.8999,3169.2988,77518
2021-06-02,3511.05,3536.55,3490,3503.75,3167.3557,40415
2021-06-03,3528,3535.8999,3501,3528.6499,3189.8643,19084
2021-06-04,3530.05,3544.7,3517.45,3527.3501,3188.6895,69042
2021-06-07,3540,3544.95,3479.55,3486,3151.3096,80677
2021-06-08,3500,3521.8,3481,3491.3,3156.1003,23714
2021-06-09,3510,3510,3455,3482.45,3148.1003,28033
2021-06-10,3494.05,3541,3494.05,3520.5,3182.4971,33024
2021-06-11,3531,3568.8501,3502.6001,3525.8,3187.2888,66008
2021-06-14,3525,3525.3,3477.95,3498.5,3162.6094,28252
2021-06-15,3498.5,3548,3490.05,3534.2,3194.8821,94902
2021-06-16,3545,3575,3521.2,3544.45,3204.1479,24015
2021-06-17,3544.45,3555.45,3501,3523.45,3185.1638,19861
2021-06-18,3534.95,3540.5,3466.7,3520.6001,3182.5874,72089
2021-06-21,3451,3515,3451,3507.6499,3170.8811,13843
2021-06-22,3510.05,3594,3510.05,3545.05,3204.6899,70824
2021-06-23,3546.75,3694.95,3546.75,3600.3999,3254.7256,116052
2021-06-24,3661,3661,3600,3616.1499,3268.9641,27149
2021-06-25,3623.6001,3690,3611.2,3656.3999,3305.3496,21621
2021-06-28,3680,3685.1001,3632.5,3669.8,3317.4626,12730
2021-06-29,3664,3665.8501,3553.8,3581.55,3237.6858,44642
2021-06-30,3597.95,3628,3591,3614.25,3267.2463,12985
2021-07-01,3586,3648.8999,3586,3617.75,3270.4102,13824
2021-07-02,3610,3729,3610,3677,3323.9714,70307
2021-07-05,3700,3779.45,3676,3750.75,3390.6409,41327
2021-07-06,3777,3886.8999,3725.6499,3862.1499,3491.3455,73242
2021-07-07,3827.05,3847.95,3755.1001,3785.6001,3422.145,26557
2021-07-08,3760,3785.8999,3760,3774.1001,3448.1836,13057
2021-07-09,3796,3796,3754,3765.05,3439.9153,27232
2021-07-12,3777,3870,3766.3,3830.3501,3499.5764,40082
2021-07-13,3850,3938,3840,3895.5,3559.1003,53330
2021-07-14,3904.95,3925,3847,3898.55,3561.887,71148
2021-07-15,3918.95,3918.95,3870,3889.6001,3553.7097,12851
2021-07-16,3889.6001,4018.45,3870.6001,3981.3,3637.4905,106907
2021-07-19,3975,4060,3899.95,3915.6001,3577.4646,42148
2021-07-20,3939.1001,3939.1001,3785.75,3816.25,3486.6941,27070
2021-07-22,3822,3949.1499,3817.05,3866.3999,3532.5132,32070
2021-07-23,3945,3995.8501,3755.05,3837.55,3506.1548,89977
2021-07-26,3875.8,3889,3826.25,3881.8999,3546.6743,18202
2021-07-27,3882,3917.95,3865.3999,3903.3,3566.2263,23628
2021-07-28,3906.95,3926.8,3840.3999,3894,3557.7297,48520
2021-07-29,3900.1001,4012,3875.75,3996.3501,3651.2415,27374
2021-07-30,4000,4033.8999,3964.25,4023.05,3675.6355,21622
2021-08-02,4025,4080,3966.55,3992.1001,3647.3579,34942
2021-08-03,3993,4018.8501,3980,3998.05,3652.7947,31031
2021-08-04,4009.95,4017.7,3930,3954.8,3613.2795,33234
2021-08-05,3955,3994,3890.05,3953.1499,3611.7717,13009
2021-08-06,3995.8999,4015.8999,3954.1001,4000.7,3655.2153,54754
2021-08-09,4010,4015,3940,4001.55,3655.9922,54151
2021-08-10,4020,4020,3980,4000.1001,3654.6675,93155
2021-08-11,4000.05,4019.95,3918.05,4000.3999,3654.9412,45823
2021-08-12,3999,4080,3959.1499,4036.6001,3688.0156,29005
2021-08-13,4044.95,4230,4012.5,4197.5,3835.0208,91001
2021-08-16,4225,4235,4084,4104,3749.595,70865
2021-08-17,4108.0498,4174.9502,4073.8,4152.0498,3793.4954,37269
2021-08-18,4165,4189.9502,4111.6499,4173.75,3813.3215,48805
2021-08-20,4125.1001,4165,4086.7,4150.1001,3791.7139,48299
2021-08-23,4144,4167.3999,4081,4121.5,3765.5842,71845
2021-08-24,4120,4184.9502,4051,4119.1001,3763.3911,89292
2021-08-25,4130,4264.2998,4130,4167.0498,3807.2,149684
2021-08-26,4196.8501,4196.8501,4077.5,4142.2002,3784.4963,36317
2021-08-27,4169.7998,4200,4130,4194.9502,3832.6912,21280
2021-08-30,4233,4299,4210.0498,4239.2998,3873.2109,39517
2021-08-31,4240,4397,4216.6001,4356.75,3980.5188,47450
2021-09-01,4355,4395.6001,4285,4337.25,3962.7026,20847
2021-09-02,4360.1001,4388.3501,4251.0498,4285.1001,3915.0564,18049
2021-09-03,4295,4395.7998,4270.0498,4353.4502,3977.5039,24930
2021-09-06,4394.9502,4394.9502,4241.1499,4249.25,3882.3013,43258
2021-09-07,4248,4298,4231.25,4275.0498,3905.873,30716
2021-09-08,4275,4365,4239,4322.3501,3949.0891,30546
2021-09-09,4285,4339.3501,4269.25,4284.3501,3914.3711,10653
2021-09-13,4296,4309.8501,4251.3501,4281.3999,3911.6758,10999
2021-09-14,4329.9502,4329.9502,4258.8501,4282.2002,3912.4072,10442
2021-09-15,4348,4348,4272.75,4303.6001,3931.9585,42277
2021-09-16,4308,4345.2998,4298.9502,4319.25,3946.2566,21353
2021-09-17,4347.9502,4923.8999,4285,4398.8501,4018.9829,845305
2021-09-20,4450,4800,4405,4482.8999,4095.7747,413440
2021-09-21,4546.8501,4739.9502,4411.8501,4681.8501,4277.5444,343062
2021-09-22,4730.5,4799,4648,4719.2002,4311.668,144092
2021-09-23,4760,4981.25,4706.5,4952,4524.3657,233872
2021-09-24,4995,5012.4502,4850,4890.6499,4468.313,71950
2021-09-27,4979,5100,4918.75,4993.1001,4561.9165,181379
2021-09-28,4950,4954.0498,4780,4798.8999,4464.9663,105439
2021-09-29,4802,4816.3999,4650,4712.5498,4384.625,79366
2021-09-30,4754,4841.8999,4725,4808.6001,4473.9917,62195
2021-10-01,4784.2002,4899.9502,4710,4737.3999,4407.7461,74284
2021-10-04,4787.8999,4949,4762.7002,4915.3999,4573.3604,85737
2021-10-05,4950,4950,4801,4836.6001,4500.043,44484
2021-10-06,4873.4502,4888,4750,4767.9502,4436.1704,72861
2021-10-07,4812,4838,4720,4741,4411.0957,22876
2021-10-08,4792.9502,4792.9502,4700,4716.6001,4388.394,21606
2021-10-11,4709.1001,4780,4672.1001,4700.75,4373.6465,29110
2021-10-12,4700,4789.1499,4683,4747.7002,4417.3296,36062
2021-10-13,4790,4794,4710,4732.1001,4402.8154,22211
2021-10-14,4755.4502,4808,4716.7002,4745.6499,4415.4219,27294
2021-10-18,4784.9502,4796.6001,4716.5,4773.2998,4441.147,29219
2021-10-19,4807.9502,4915.5,4747.5498,4805.6001,4471.2002,60765
2021-10-20,4810,4888,4686.6499,4783.7998,4450.9175,21788
2021-10-21,4785,4824.2002,4702.5498,4733.1499,4403.7915,20080
2021-10-22,4735,4799.75,4691.3999,4747.3999,4417.0493,48576
2021-10-25,4748.1001,4784.7998,4654.6001,4735.4502,4405.9321,39884
2021-10-26,4735.5498,4778,4703.1001,4725.5,4396.6738,10372
2021-10-27,4749.9502,4950,4725.6001,4783.3501,4450.499,33423
2021-10-28,4770,4785,4730,4771.8501,4439.7993,16493
2021-10-29,4850,5090,4731,4829.7002,4493.6235,165706
2021-11-01,4855,4882.4502,4734,4763.75,4432.2622,53708
2021-11-02,4784,4877,4762.3501,4866.9502,4528.2813,22436
2021-11-03,4889,4980,4817.7998,4925.7998,4583.0361,37958
2021-11-04,4945,4970,4931.8501,4957.75,4612.7627,6691
2021-11-08,4950.1001,5067.75,4914.0498,5021.3999,4671.9849,48440
2021-11-09,5000.1001,5090,4980,5018.7002,4669.4722,28775
2021-11-10,4968.5,5090,4968.5,5073,4719.9932,28976
2021-11-11,5026,5160,4872.3501,4911.6001,4569.8247,48312
2021-11-12,4975,4992.0498,4890.1001,4984.2998,4637.4653,27712
2021-11-15,5033.6499,5055,4839.6499,4894.2998,4553.728,31587
2021-11-16,4900,4971,4869.8999,4897.5,4556.7061,14196
2021-11-17,4897.5,4983.9502,4897.5,4929.7002,4586.6646,13178
2021-11-18,4929.7002,4967.4502,4805,4890.1499,4549.8672,11522
2021-11-22,4900,4931,4850,4872.1001,4533.0718,69813
2021-11-23,4872.1001,5023.6499,4789.6001,4974.3501,4628.208,24505
2021-11-24,5011.7002,5011.7002,4900,4910.9502,4569.2202,18142
2021-11-25,4825.3999,4974,4825.3999,4935.5498,4592.1074,13121
2021-11-26,4970,5099,4890.2998,5036.7002,4686.2192,111567
2021-11-29,5036.7002,5084.7002,4890,4940.3501,4596.5732,152223
2021-11-30,4966.3999,5080,4966.3999,5037.7998,4687.2427,26991
2021-12-01,5061,5214.8999,4980,5186.4502,4825.5488,74613
2021-12-02,5220,5394.8999,5188,5347,4974.9272,178403
2021-12-03,5347,5470,5347,5423.7002,5046.29,89750
2021-12-06,5481,5526.6001,5163.75,5253.25,4887.7002,120745
2021-12-07,5294,5410,5222.9502,5393.2002,5017.9111,60742
2021-12-08,5407.0498,5549,5407.0498,5503.4502,5120.4907,74031
2021-12-09,5549,5564.75,5433.75,5467.8501,5087.3672,32267
2021-12-10,5400,5660,5400,5578.1499,5189.9922,47629
2021-12-13,5660.3999,5660.3999,5476,5515.6001,5131.7954,40832
2021-12-14,5509,5557.7002,5441.6499,5487.8999,5106.022,23287
2021-12-15,5516,5558,5445,5478.1499,5096.9507,47380
2021-12-16,5539,5540.8999,5108.0498,5137.5,4780.0044,129861
2021-12-17,5164,5198.75,5006.1499,5036.3999,4685.9399,119799
2021-12-20,4964.8501,5031.8999,4890,4991.8501,4644.4897,117829
2021-12-21,5031,5080,4971.3999,5060.1001,4707.9897,214270
2021-12-22,5064,5220,5064,5184.2998,4823.5483,25735
2021-12-23,5222,5280.8999,5055.0498,5084.3999,4730.6001,63676
2021-12-24,5124.8999,5140,5006.1499,5021.6499,4672.2163,58359
2021-12-27,5033.7998,5128.4502,4961.7002,5083.2002,4729.4829,38067
2021-12-28,5132,5140,5068.8501,5091.1499,4736.8799,30905
2021-12-29,5091.1499,5125.6001,5020,5032.5498,4682.3579,22220
2021-12-30,5053.9502,5183.8999,5040.3999,5158.9502,4799.9624,29684
2021-12-31,5149,5590,5139.7998,5432.0498,5054.0586,49641
2022-01-03,5432,5439.6001,5242.6499,5349.8501,4977.5781,39246
2022-01-04,5374,5420,5198.4502,5293.25,4924.917,34151
2022-01-05,5289.8999,5405,5280.0498,5363.75,4990.5107,35681
2022-01-06,5355,5355,5220,5245.6001,4880.5835,29361
2022-01-07,5250,5295,5139.8501,5173.7002,4813.6865,41061
2022-01-10,5224.3999,5249,5175,5208.2002,4845.7856,26925
2022-01-11,5200.0498,5256.3501,5180.6001,5221.7998,4858.4385,23559
2022-01-12,5258,5340,5250,5320.0498,4949.8521,20239
2022-01-13,5360,5370,5296.25,5353,4980.5088,11714
2022-01-14,5355,5449,5310.0498,5431.1499,5053.2212,19882
2022-01-17,5479.4502,5518,5435,5496.0498,5113.605,24577
2022-01-18,5518,5587,5441.2998,5468.1499,5087.6465,34526
2022-01-19,5499.5,5550,5388,5437.0498,5058.7095,20601
2022-01-20,5465.7002,5518.8999,5450,5492.1499,5109.9761,17758
2022-01-21,5250,5450,5250,5350.1499,4977.8574,56300
2022-01-24,5381.25,5418.3999,5000,5078.2002,4724.8315,44253
2022-01-25,5100,5235,5100,5147.5498,4789.356,65173
2022-01-27,5148.4502,5203.25,5100,5112.1001,4756.373,272837
2022-01-28,5121,5170.7998,5079.75,5119.25,4763.0239,33312
2022-01-31,5170,5170.5,5130,5160.3501,4801.2656,16286
2022-02-01,5200,5275.5498,5165.1001,5224.4502,4860.9048,25069
2022-02-02,5250,5269.8999,5235.6001,5259.75,4893.748,9074
2022-02-03,5279.9502,5290,5175.1499,5234.1001,4869.8838,15893
2022-02-04,5289.9502,5289.9502,5128.5,5164.3999,4805.0337,10385
2022-02-07,5244.9502,5268.3999,5088.7998,5102.25,4747.208,21856
2022-02-08,5129.1001,5198.5498,5084.0498,5173.1499,4813.1743,15655
2022-02-09,5189.9502,5247.5498,5135.0498,5213.4502,4850.6699,10440
2022-02-10,5220,5258.4502,5158,5215.3501,4852.4375,18628
2022-02-11,5167.8999,5242,5136.6499,5193.2998,4831.9214,15389
2022-02-14,5051,5197.4502,5051,5147.75,4789.5415,21650
2022-02-15,5190,5193.8999,5100,5178.3501,4818.0127,13425
2022-02-16,5178.3501,5345,5178.3501,5315.2002,4945.3394,72640
2022-02-17,5354.9502,5366,5285.2002,5361.2002,4988.1392,16225
2022-02-18,5306.1001,5380,5190,5363.2998,4990.0928,18341
2022-02-21,5265,5377,5211.2002,5352.8999,4980.416,21214
2022-02-22,5200,5265.7002,5151.2002,5198.7002,4836.9468,20940
2022-02-23,5249,5279.9502,5182,5227.6499,4863.8818,25473
2022-02-24,5150,5150,5045.5498,5104.3501,4749.1616,26601
2022-02-25,5122,5239.9502,5120.0498,5203.5,4841.4116,16728
2022-02-28,5158,5224.8999,5140,5202.3999,4840.3882,14750
2022-03-02,5155.1001,5239.6499,5081.6499,5101.7002,4746.6963,80782
2022-03-03,5160,5160,5050.2002,5086.25,4732.3208,57717
2022-03-04,5100,5147.8999,4905,4931.6499,4588.4795,19523
2022-03-07,4870,5009.4502,4752.0498,4846.7998,4509.5337,43534
2022-03-08,4801,4989,4780,4932,4588.8047,110628
2022-03-09,4958,5100,4892.5498,4991.75,4644.397,103423
2022-03-10,5250,5250,4981.8501,5003.2002,4655.0508,27643
2022-03-11,4922,5050.7998,4879.1001,4916.5498,4574.4287,88030
2022-03-14,4920,5015.8501,4920,4999.2998,4651.4214,64027
2022-03-15,4993.9502,5006,4875,4958.1499,4613.1343,19392
2022-03-16,5050,5090.9502,5000.5,5068.6499,4715.9458,19443
2022-03-17,5062,5100,4987.1001,5008.7002,4660.1675,56609
2022-03-21,5034,5041.5498,4993.9502,5008.3999,4659.8882,15955
2022-03-22,5033.7002,5036.6499,4986.0498,5012.6001,4663.7954,37330
2022-03-23,5037,5100,4980.8501,5046.2002,4695.0581,19796
2022-03-24,5041,5084.1499,5013.25,5057.6499,4705.7114,321942
2022-03-25,5086,5136.7998,4976.1499,4999.1499,4651.2817,118798
2022-03-28,5038,5059.6499,4980,5023.8999,4674.3096,15346
2022-03-29,5035,5120,5010,5047.6001,4696.3604,39505
2022-03-30,5100,5162.1499,4887.8999,4979.0498,4632.5801,82933
2022-03-31,5035,5244.9502,4982.1001,5011.0498,4662.3535,218364
2022-04-01,5030,5480,5030,5398.8501,5023.1689,329467
2022-04-04,5425,6178.5498,5350,5828.4502,5422.8745,331277
2022-04-05,6010.4502,6598,5951,6143.3999,5715.9092,793218
2022-04-06,6199.7002,6299,6020.0498,6219.5498,5786.7603,346252
2022-04-07,6200,6342.7998,6142,6242.9502,5808.5322,165158
2022-04-08,6180,6310,6165,6215.0498,5782.5737,71401
2022-04-11,6200,6275,6101,6150.3999,5722.4224,58525
2022-04-12,6155,6155.0498,5621.2998,5698.7998,5302.2456,284685
2022-04-13,5780.5,5894,5466,5517.0498,5133.1445,175474
2022-04-18,5490.3999,5497.8999,5175,5204.3999,4842.2495,148805
2022-04-19,5279,5377,5108.5,5191.2998,4830.0615,208772
2022-04-20,5225,5295.1499,5123.1499,5257.1001,4891.2832,108941
2022-04-21,5265,5414.3501,5216.8501,5343.7998,4971.9487,103502
2022-04-22,5324,5380,5229.5,5294.2998,4925.8936,38889
2022-04-25,5240,5434.1001,5166.7998,5337.1499,4965.7627,111511
2022-04-26,5384.9502,5499,5357.4502,5471.7002,5090.9497,46172
2022-04-27,5381,5439.9502,5312.0498,5368.1499,4994.605,32665
2022-04-28,5435,5570,5385.7002,5518.6001,5134.5869,71126
2022-04-29,5542,5614.8501,5118,5169.4502,4809.7324,107854
2022-05-02,5170,5370,5165,5325.3999,4954.8296,135333
2022-05-04,5350,5450,5196.4502,5263.8999,4897.6094,58554
2022-05-05,5290.75,5360,5043.4502,5084.6499,4730.832,162684
2022-05-06,5029,5053.0498,4901,5020.25,4670.9141,47197
2022-05-09,4995,5099.8999,4955.1499,5006.6499,4658.2593,40070
2022-05-10,5019,5093.8501,4995,5003.3501,4655.1895,21680
2022-05-11,5003.3501,5259,4760,5110.3999,4754.7905,74429
2022-05-12,5003,5050.8999,4797.0498,4858.2998,4520.2324,78105
2022-05-13,4928,4980.4502,4869.8999,4940,4596.248,32276
2022-05-16,4950,5033.1499,4880,4907.3999,4565.917,23795
2022-05-17,4950,4998,4901,4950.8999,4606.3892,22783
2022-05-18,4950.8999,5050,4865.2998,4902.1001,4560.9854,54962
2022-05-19,4850,4872.0498,4782,4810.25,4475.5259,31247
2022-05-20,4894,4948,4848,4922.7998,4580.2451,26994
2022-05-23,4929.8501,4980,4850,4922.8999,4580.3379,24898
2022-05-24,4925.25,4998.7002,4875,4931.4502,4588.2925,19749
2022-05-25,4935.1001,4974.8501,4875,4895.6499,4554.9849,15410
2022-05-26,4930.7998,4950,4865,4904.2002,4562.939,31101
2022-05-27,4945.3999,5060,4919.0498,5010.6499,4661.9819,22598
2022-05-30,5055,5076.8999,4990,5037.3501,4686.8237,16026
2022-05-31,5088,5200,5063.8999,5113.6001,4757.7681,51982
2022-06-01,5151,5175,5018,5051.1499,4699.6636,13959
2022-06-02,5050,5054.6499,5000.1001,5026.1001,4676.3564,6514
2022-06-03,5091.1001,5100,4971.1499,4993.4502,4645.9795,8014
2022-06-06,4995.1001,5099,4960,5019.6499,4670.356,19018
2022-06-07,5000,5010,4932.1001,4979.8501,4633.3247,84372
2022-06-08,4979.8999,4995.25,4903,4938.5498,4594.8989,25144
2022-06-09,4938.5498,4965,4905.7002,4947,4602.7617,6669
2022-06-10,4988,5034,4941.75,5001.9502,4653.8877,34808
2022-06-13,4978.9502,4978.9502,4800,4927.8999,4584.9907,13298
2022-06-14,4951,5009.7998,4891.25,4912.3999,4570.5688,210550
2022-06-15,4939.9502,5069.1499,4912.5,4966,4620.439,25626
2022-06-16,4940,5011.1499,4751.1001,4775.6499,4443.334,32071
2022-06-17,4775.6499,4784.4502,4445,4471.7002,4160.5347,90589
2022-06-20,4471.7002,4545,4294.0498,4495.7998,4182.958,42222
2022-06-21,4496,4718.8999,4495.8999,4596.0498,4276.2324,49258
2022-06-22,4596,4622.3501,4465.6001,4487,4174.77,30000
2022-06-23,4515,4574,4442,4488.2002,4175.8872,30775
2022-06-24,4525,4671,4525,4658.7002,4334.5229,32210
2022-06-27,4691,4787.9502,4690.5,4758.0498,4426.959,17701
2022-06-28,4760,4767.25,4609.0498,4644.7002,4321.4966,12779
2022-06-29,4637,4949,4455,4533.5,4218.0342,60047
2022-06-30,4620,4862,4502.2002,4585.2002,4289.7925,243411
2022-07-01,4534.8999,4655,4511,4569.2998,4274.917,59937
2022-07-04,4595.9502,4660,4555.5498,4581.3501,4286.1909,23205
2022-07-05,4599.7998,4750,4585.0498,4705.4502,4402.2969,38128
2022-07-06,4725,4800,4701.5,4783.8501,4475.645,23909
2022-07-07,4838,4860,4788,4853.4502,4540.7607,15189
2022-07-08,4862,4885.5498,4809,4835.5,4523.9673,9693
2022-07-11,4835.5,4931,4812.9502,4904.6001,4588.6152,20528
2022-07-12,4898,4998,4781.2998,4942.5498,4624.1201,25105
2022-07-13,4928,4965.5498,4780,4800.3501,4491.0815,18786
2022-07-14,4830.25,4830.25,4722.5498,4746.2998,4440.5142,53742
2022-07-15,4755.3999,4804.8501,4726,4753.4502,4447.2041,9648
2022-07-18,4770,4789.75,4721.3501,4765.3501,4458.3364,29427
2022-07-19,4789,4814,4741,4769.9502,4462.6406,34259
2022-07-20,4802.0498,4856.3999,4776.1001,4805.7002,4496.0874,114277
2022-07-21,4831,4865,4775,4806.6001,4496.9287,96239
2022-07-22,4844,4873.8999,4802,4825.75,4514.8452,13216
2022-07-25,4841.9502,4888,4825,4857.0498,4544.1289,16772
2022-07-26,4870,5055,4853,4881.9502,4567.4248,155554
2022-07-27,4878,4922,4825.1499,4892.1499,4576.9673,15073
2022-07-28,4910,5245,4910,5187.5,4853.2896,244613
2022-07-29,5299.75,5469.7002,5132.2002,5204.8999,4869.5684,181921
2022-08-01,5205,5271,5100,5256.1499,4917.5166,68298
2022-08-02,5298,5336.4502,5185,5304.2998,4962.564,60851
2022-08-03,5305,5318,5242.4502,5280.8501,4940.626,26182
2022-08-04,5285,5370,5285,5344.8999,5000.5483,47523
2022-08-05,5341,5390.8999,5131.0498,5257.7002,4918.9668,91652
2022-08-08,5295,5403.7002,5295,5318.3999,4975.7563,40684
2022-08-10,5370.6499,5370.6499,5290.5498,5363.0498,5017.5288,29517
2022-08-11,5363,5400,5308.5498,5330.7998,4987.3569,23126
2022-08-12,5349,5349,5301.3999,5314.8501,4972.4346,12330
2022-08-16,5349,5360.9502,5313.0498,5336.25,4992.4561,13589
2022-08-17,5340,5449,5326.25,5431.6499,5081.709,53154
2022-08-18,5457.7998,5700,5454.8501,5531,5174.6587,305032
2022-08-19,5531,5594.4502,5383.3501,5500.75,5146.3574,76121
2022-08-22,5450.25,5468.3999,5355,5399.8999,5052.0049,39260
2022-08-23,5365,5440,5276.9502,5378.4502,5031.9375,50845
2022-08-24,5360,5445,5360,5404.8999,5056.6831,28656
2022-08-25,5450,5474.8501,5390,5406.7998,5058.4609,29322
2022-08-26,5469.9502,5473,5401,5413.25,5064.4951,15064
2022-08-29,5370,5437.8501,5301,5392.7998,5045.3623,32418
2022-08-30,5460,5538.6001,5411.6499,5465.2998,5113.1919,27211
2022-09-01,5450,5799,5415,5733.4502,5364.0654,109981
2022-09-02,5788,5840,5615.6499,5649.9502,5285.9458,58881
2022-09-05,5621,5736.75,5581,5672.75,5307.2764,47972
2022-09-06,5715,5840,5672.75,5819.9502,5444.9927,75888
2022-09-07,5760,5840.1499,5753.9502,5777.1001,5404.9038,37033
2022-09-08,5830,6690,5767,6373.25,5962.646,351890
2022-09-09,6550,6829,6526.1499,6660.6499,6231.5298,556651
2022-09-12,6660.6499,6793.3501,6555,6631.75,6204.4917,184014
2022-09-13,6632,6700.2998,6561,6620.7002,6194.1538,140551
2022-09-14,6620,7300,6583.5498,7144.3501,6684.0669,527635
2022-09-15,7240,7378.4502,6821.0498,7110.6001,6652.4912,428038
2022-09-16,7090,7090,6675,6763.7998,6328.0342,267398
2022-09-19,6831,6960,6768.25,6881.0498,6437.73,135196
2022-09-20,6960,7039.8999,6834.8501,6964.7002,6515.9907,107295
2022-09-21,6980,6980,6870,6941.1001,6493.9111,73566
2022-09-22,6840,6990,6819.25,6901.8999,6561.2163,113935
2022-09-23,6937,6970,6810.0498,6848.5,6510.4521,78763
2022-09-26,6799.9502,6839,6655,6760.8501,6427.1284,82758
2022-09-27,6699.3999,6749.5,6510,6641,6313.1943,106340
2022-09-28,6641,6737.25,6550,6637,6309.3926,89861
2022-09-29,6676.7998,6736.1499,6140,6302.4502,5991.3564,149105
2022-09-30,6341.6001,6596,6181.1499,6390.75,6075.2974,149659
2022-10-03,6433.5,6623.9502,6410.8501,6507.25,6186.0469,111747
2022-10-04,6585,6611,6482.1001,6537.0498,6214.3755,67349
2022-10-06,6569.75,6652.8501,6465.6001,6607,6280.8735,109654
2022-10-07,6640,6820,6582.0498,6787.4502,6452.4165,223486
2022-10-10,6701,6768,6675,6717.3501,6385.7764,77722
2022-10-11,6717.3501,6743.0498,6622.4502,6669.8501,6340.6211,75812
2022-10-12,6659.6001,6759.5498,6610.8999,6662.6499,6333.7769,89427
2022-10-13,6684,6690,6607,6651.8501,6323.5093,87441
2022-10-14,6690,6752.6001,6560,6595.8999,6270.3203,80964
2022-10-17,6595.8999,6685,6571.5498,6611.6499,6285.293,83643
2022-10-18,6625,6750,6625,6720.6001,6388.8652,87337
2022-10-19,6734,6850,6700,6734,6401.604,112558
2022-10-20,6734,6734,6448.0498,6467.4502,6148.2114,126057
2022-10-21,6500,6548.9502,6301,6433.2002,6115.6514,114485
2022-10-24,6433.2002,6499.25,6433.1499,6470.75,6151.3481,3020
2022-10-25,6502,6575,6420.1499,6497.4502,6176.7305,128602
2022-10-27,6578,6605,6500,6580.0498,6255.2529,107344
2022-10-28,6600,6665,6506.7002,6596.3501,6270.7485,111374
2022-10-31,6664.2002,6700,6598.8501,6660.6001,6331.8267,77196
2022-11-01,6665,6765,6648.0498,6713.5,6382.1167,69437
2022-11-02,6713.5,6736,6650,6708.5498,6377.4111,55937
2022-11-03,6708.1001,6802.5,6685.8501,6740.5,6407.7837,193275
2022-11-04,6740,6777.8999,6670,6722.1001,6390.291,51396
2022-11-07,6755.75,6799,6714.2998,6764,6430.1235,91178
2022-11-09,6840,6890.8999,6783,6874.2002,6534.8838,196458
2022-11-10,6896.1001,6931,6608.1001,6799.9502,6464.2993,134949
2022-11-11,6900,7078.25,6666.25,6699.5498,6368.855,167671
2022-11-14,6732.4502,6767.25,6568.0498,6661.5,6332.6831,91262
2022-11-15,6687.5,6750,6606.5498,6647.2002,6319.0889,96193
2022-11-16,6690,6809.75,6560,6666.8501,6337.7686,164884
2022-11-17,6689,6743.9502,6605,6651.6499,6323.3193,88323
2022-11-18,6684,6694,6560.7002,6578.6499,6253.9229,89165
2022-11-21,6594.3999,6640,6492.2998,6542.9502,6219.9844,90589
2022-11-22,6526,6600,6512.2998,6586.1499,6261.0522,75194
2022-11-23,6615,6674.9502,6440.2002,6474.5,6154.9131,84510
2022-11-24,6520.2002,6549,6388.2998,6521.25,6199.356,115427
2022-11-25,6547,6580,6351.6001,6371.7998,6057.2827,109908
2022-11-28,6381.25,6517.5498,6319.5498,6395.2998,6079.6226,327886
2022-11-29,6420.7998,6440.7998,5990.6499,6024.1001,5726.7451,255091
2022-11-30,6065,6624,6006,6294.9502,5984.2261,4050056
2022-12-01,6271,6349,6185.25,6314.9502,6003.2393,252224
2022-12-02,6324.75,6395,6288.0498,6374.4502,6059.8022,93573
2022-12-05,6381,6381,6202,6257.1499,5948.292,114361
2022-12-06,6250,6251.6001,6141,6185.1499,5879.8462,99310
2022-12-07,6220,6260.3999,6184.0498,6215.6001,5908.7939,63133
2022-12-08,6210,6268.3999,6142,6175.3999,5870.5771,72988
2022-12-09,6227.1499,6290.5498,6112,6209.7998,5903.2788,74044
2022-12-12,6201,6245,6180,6210.5,5903.9443,59836
2022-12-13,6201.0498,6310,6201.0498,6253.6499,5944.9639,34601
2022-12-14,6265.9502,6287.0498,6175,6247.5,5939.1187,31561
2022-12-15,6220.0498,6269.1001,6120.2002,6161.7998,5857.6479,42805
2022-12-16,6160,6166,6050,6098.5,5797.4736,41137
2022-12-19,6098.5,6166,6090.4502,6116,5814.1089,55702
2022-12-20,6118,6198,6090.1001,6173.6001,5868.8657,92025
2022-12-21,6173,6225,6090,6127.4502,5824.9937,18031
2022-12-22,6147,6199.9502,6070.2002,6144.2002,5840.917,32874
2022-12-23,6099,6129.8501,5706.3501,5798.9502,5512.7095,44001
2022-12-26,5799.75,5878.1001,5700,5786.3999,5500.7788,32888
2022-12-27,5844.25,5900,5784.1001,5865.6499,5576.1157,74705
2022-12-28,5850,5875,5833,5854.25,5565.2803,79283
2022-12-29,5850,5874.9502,5796.8501,5851.5,5562.665,41964
2022-12-30,5900,5921,5655.6001,5741.6001,5458.1899,112738
2023-01-02,5745.0498,5777.8501,5570,5607.1499,5330.377,141578
2023-01-03,5614.9502,5709.4502,5612,5660.5,5381.0933,52179
2023-01-04,5660,5748,5619.9502,5718.1499,5435.8975,36403
2023-01-05,5727.3999,5728.25,5592.0498,5687.6001,5406.8555,39152
2023-01-06,5695,5704.6001,5651.1001,5680.25,5399.8687,20655
2023-01-09,5708.7002,5860,5695.8501,5838.7998,5550.5913,36557
2023-01-10,5835.0498,5878.9502,5793.0498,5859.5,5570.2705,21937
2023-01-11,5855,5860,5730.1001,5775.4502,5490.3691,47499
2023-01-12,5809.2998,5899,5789.3501,5866.7002,5577.1157,50702
2023-01-13,5893.2998,5998,5830.7002,5947.6001,5654.021,19097
2023-01-16,5926.9502,5948.9502,5710,5816.9502,5529.8213,30910
2023-01-17,5824.3999,5865.1001,5656,5693.6499,5412.6074,45506
2023-01-18,5723.5498,5735.6001,5601.1001,5641.7002,5363.2212,34560
2023-01-19,5618.9502,5695,5614.9502,5651.1499,5372.2051,35073
2023-01-20,5679,5679,5560.1499,5581.1499,5305.6597,34072
2023-01-23,5600,5818.0498,5570,5787.2998,5501.6338,25617
2023-01-24,5787.2998,5912.3501,5750.3999,5890.8999,5600.1206,28854
2023-01-25,5855,5896,5710,5742.6499,5459.1885,9566
2023-01-27,5725,5945,5725,5905,5613.5244,30246
2023-01-30,5900,6047.6499,5893.5498,5998.5,5702.4092,47849
2023-01-31,5951.2002,5984.6499,5830.2002,5883.9502,5593.5146,39727
2023-02-01,5972.2002,6100,5885,6082.2002,5781.978,103912
2023-02-02,6100,6123.2002,5924,6033,5735.207,52374
2023-02-03,6063.2002,6063.2002,5960,6024.2002,5726.8408,18149
2023-02-06,6020,6059.3999,5912.25,5921.0498,5628.7822,24477
2023-02-07,5950.7002,6100,5895.1001,6078.4502,5778.4126,59468
2023-02-08,6108.8501,6110,6066.3999,6090.1001,5789.4873,16688
2023-02-09,6070.6499,6170,6025,6061.2998,5762.1089,11981
2023-02-10,6085.9502,6120,6025,6113.3501,5811.5903,21183
2023-02-13,6121,6150,5955,6031,5733.3047,15021
2023-02-14,5990.1001,6050,5962,6029.5,5731.8794,12346
2023-02-15,6018.25,6046.3501,5988,6010.75,5714.0552,17161
2023-02-16,6010.75,6025.1001,5986.6001,5997,5700.9834,7038
2023-02-17,5997,6050,5963.0498,6013.5,5716.6689,21922
2023-02-20,6026,6098.8999,5952.8999,6051.1499,5752.46,21694
2023-02-21,6144,6144,6013.0498,6079.3501,5779.2681,27263
2023-02-22,6051.1499,6066.2998,5999.25,6035.5,5737.583,9943
2023-02-23,6025.0498,6095,5989.7002,6020.25,5723.0859,11772
2023-02-24,6079.9502,6120,6012.5498,6103.2998,5802.0366,21928
2023-02-27,6100,6115.5,6010,6086.8999,5786.4453,17275
2023-02-28,6048,6535,5994.1499,6254.1499,5945.4404,178171
2023-03-01,6380,6397.9502,6240.5498,6303.7002,5992.5449,31397
2023-03-02,6299.8999,6330,6217,6233.1001,5925.4292,10564
2023-03-03,6249.9502,6296,6114.8999,6152.6499,5848.9507,13976
2023-03-06,6169.7002,6395,6155,6312,6000.4346,49983
2023-03-08,6300,6379.0498,6254.7002,6355.75,6042.0254,19369
2023-03-09,6304.5,6383.5498,6200.8999,6254.25,5945.5347,13013
2023-03-10,6205.6001,6205.6001,6044.7002,6066.2002,5766.7671,28529
2023-03-13,6083.8999,6174.8999,5925.0498,6008.6499,5712.0581,28975
2023-03-14,6038.7002,6259.9502,5923.7002,6128.6499,5826.1348,111690
2023-03-15,6130,6196.75,6010.1499,6041.1001,5742.9063,17665
2023-03-16,6044.9502,6145.3501,6001.0498,6113.3501,5811.5903,24489
2023-03-17,6132,6166.5498,5911.2002,5985.75,5690.2891,40044
2023-03-20,5950,6179.9502,5885,5933.75,5640.855,46701
2023-03-21,6022.75,6072,5840,6028.75,5731.1655,42622
2023-03-22,6028,6094.7002,6003.1499,6036.75,5738.7705,13575
2023-03-23,6010,6148,6010,6032.4502,5734.6836,44559
2023-03-24,6025,6059.2002,5977.8999,6034.25,5736.394,13838
2023-03-27,6059.8999,6084.8501,6021,6042.3501,5744.0952,16474
2023-03-28,6017.5,6118,6000.2002,6061.8501,5762.6328,27052
2023-03-29,6040.1001,6141.3999,5820,5866.75,5577.1616,89796
2023-03-31,5896.1001,5980,5840.1499,5920.1001,5627.8789,31478
2023-04-03,5934.8999,5951.25,5770,5819.5,5532.2446,41060
2023-04-05,5872.3999,5919.9502,5802.6001,5888.25,5597.6011,24463
2023-04-06,5912.1499,5953,5872,5934.5,5641.5679,13631
2023-04-10,5925,5970.2002,5883.0498,5912.0498,5620.2266,13211
2023-04-11,5913,6068,5913,6030.1001,5732.4492,41425
2023-04-12,6030.1499,6059,5994.1499,6039.3501,5741.2437,51074
2023-04-13,6039.3999,6080,5920.2002,5949.4502,5655.7808,28349
2023-04-17,5953,6120,5953,6097.2998,5796.3325,28375
2023-04-18,6110,6651,6097.2998,6349.6499,6036.2261,428643
2023-04-19,6349.6499,6390,6265.0498,6315.5498,6003.8091,37648
2023-04-20,6349.9502,6450,6310,6401.25,6085.2788,52034
2023-04-21,6414.9502,6466.9502,6330,6363.2002,6049.1074,16891
2023-04-24,6365.0498,6500,6363.2002,6486.8999,6166.7012,32240
2023-04-25,6497,6514,6414.9502,6495.3501,6174.7344,23027
2023-04-26,6528,6575,6490.0498,6537.6001,6214.8984,26571
2023-04-27,6514.8999,6681,6511.5498,6650.25,6321.9883,32817
2023-04-28,6668,6945,6598.7998,6847.9502,6509.9302,57756
2023-05-02,6880,7040,6813.7998,6891.0498,6550.9023,58293
2023-05-03,6891.0498,6999,6830.3999,6945.2002,6602.3794,48549
2023-05-04,6935,6937.5,6820,6853.6499,6515.3486,23007
2023-05-05,6885,6998.1499,6785.6499,6814.3999,6478.0356,21428
2023-05-08,6815,6898.5,6804.0498,6841.4502,6503.75,24006
2023-05-09,6841.5,6926.25,6841.4502,6915.3999,6574.0503,17850
2023-05-10,6850,6931.1001,6850,6901.4502,6560.7891,16745
2023-05-11,6901.1001,6945.9502,6862,6920.9502,6579.3267,21872
2023-05-12,6900,6922.25,6841.0498,6890.25,6550.1421,23330
2023-05-15,6820,6887.9502,6655.1001,6700.6499,6369.8994,29542
2023-05-16,6700.9502,6734,6610.5498,6632.7002,6305.3052,25344
2023-05-17,6632.7002,6663.9502,6411,6451.8501,6133.3813,34563
2023-05-18,6500,6509.9502,6286.2998,6328.75,6016.3574,20865
2023-05-19,6369,6369,6279.0498,6298.5,5987.6001,20910
2023-05-22,6320,6475,6296.5498,6448.6001,6130.2915,19346
2023-05-23,6474,6680,6470,6641.3999,6313.5752,39458
2023-05-24,6645.7002,6966,6611.5498,6934.4502,6592.1597,111285
2023-05-25,6900,6942,6816.1001,6922.2998,6580.6094,36611
2023-05-26,6920,7129.8999,6900,7095.2998,6745.0703,67649
2023-05-29,7094.9502,7225,6999,7214.0498,6857.9585,62748
2023-05-30,7250,7291.2998,7015,7078,6728.624,74519
2023-05-31,7070,7488.9502,6931,7264.8999,6906.2988,181345
2023-06-01,7264.8999,7296.25,6925,6993.1001,6647.915,73859
2023-06-02,7035,7085,6932.3501,6989.8999,6644.8726,48818
2023-06-05,6990,7054.1499,6900,6919.8501,6578.2808,26562
2023-06-06,6962.75,7050,6924.3501,6972,6627.8564,23430
2023-06-07,7010,7020,6943.6499,6992.2002,6647.0591,20319
2023-06-08,7019.9502,7019.9502,6809.8501,6838.2002,6500.6611,17536
2023-06-09,6874.8999,6875,6734.0498,6752.9502,6419.6196,20969
2023-06-12,6799,6834,6750,6771.5498,6437.3003,14062
2023-06-13,6807,6969.8999,6771.5498,6934.8501,6592.5405,22553
2023-06-14,6996,7030,6957.3999,6991.7002,6646.584,20170
2023-06-15,6991.7002,7023.9502,6901.75,6987.8501,6642.9243,12764
2023-06-16,7022.8999,7022.8999,6850,6890.6001,6550.4751,34756
2023-06-19,6926.8999,7013.0498,6910,6990.1499,6645.1104,21007
2023-06-20,7000,7022.5,6906.6499,7001.3501,6655.7573,14894
2023-06-21,7002.1001,7028,6969.4502,7004.6001,6658.8472,24527
2023-06-22,7029,7029,6852,6884.7002,6544.8657,7235
2023-06-23,6890,6909,6785.9502,6832.2998,6495.0527,7487
2023-06-26,6850,6990,6821.6001,6961,6617.3989,14789
2023-06-27,6995,7002,6925.0498,6960.1499,6616.5913,6752
2023-06-28,7000,7084,6942.3501,6988.8501,6643.8745,45092
2023-06-30,6983,7035.5,6935,7004.5498,6671.208,16134
2023-07-03,7069.8999,7080,6901,6984.4502,6652.0654,13660
2023-07-04,7010,7245,6996.5498,7139.3501,6799.5933,92127
2023-07-05,7177.0498,7212.9502,7011.1001,7171.75,6830.4517,31695
2023-07-06,7120,7198.8501,7036,7153.7998,6813.356,40825
2023-07-07,7140,7186.1001,7100.1001,7150.6001,6810.3081,25182
2023-07-10,7135.0498,7197.6001,7046.1001,7176.7002,6835.166,29197
2023-07-11,7197.6499,7222,7080,7177.2002,6835.6421,34555
2023-07-12,7190,7475,7160.4502,7401.25,7049.0298,61507
2023-07-13,7401.2998,7434.5,7345.0498,7408.3999,7055.8403,16884
2023-07-14,7447.3999,7590,7320,7534.75,7176.1763,56494
2023-07-17,7552.7002,7574.3999,7431.2002,7455.2998,7100.5078,17496
2023-07-18,7485.2998,7488.25,7335,7358.7998,7008.5996,16061
2023-07-19,7389,7480,7360.0498,7456.6499,7101.7939,31590
2023-07-20,7500,7500,7388.8999,7469,7113.5557,15638
2023-07-21,7430,7485,7401.1001,7416.3999,7063.4585,8933
2023-07-24,7428.2002,7453.8501,7352.1001,7428.1001,7074.6021,14960
2023-07-25,7417,7545.3999,7409.25,7504.1001,7146.9854,17851
2023-07-26,7550,7640,7400,7426.4502,7073.0313,20428
2023-07-27,7486.3999,7599,7450.3999,7550.5,7191.1777,22799
2023-07-28,7599,7599,7492.0498,7536.7002,7178.0342,13331
2023-07-31,7513.5498,7570.3501,7425.5,7543.5,7184.5103,23607
2023-08-01,7543.5,7543.5,7360.0498,7431.7998,7078.1265,48841
2023-08-02,7356.0498,7499,7251.2002,7454.75,7099.9839,46840
2023-08-03,7454.75,7512,7380,7444.3501,7090.0796,42321
2023-08-04,7398,7499,7370,7394.5498,7042.6489,11767
2023-08-07,7424,7490,7344.1001,7462.2998,7107.1748,16998
2023-08-08,7462.2998,7489.8501,7400,7460.25,7105.2217,16999
2023-08-09,7459.8999,7550,7401.75,7453.2002,7098.5073,31575
2023-08-10,7466,7499.75,7425.1001,7450.0498,7095.5078,20804
2023-08-11,7450.0498,7459.2002,7221.25,7259.6499,6914.1685,14144
2023-08-14,7250.6499,7330,7156.75,7300.1001,6952.6943,25277
2023-08-16,7300.1001,7430,7250,7383.7998,7032.4106,25828
2023-08-17,7422.7002,7422.75,7100,7147,6806.8799,44949
2023-08-18,7150.4502,7215.9502,6900,6943.2002,6612.7778,44951
2023-08-21,6943.2002,7038.8999,6936.1499,7001.7998,6668.5894,16144
2023-08-22,7038.7002,7093,6986.0498,7072.2002,6735.6392,14491
2023-08-23,7078,7096,7017.0498,7072,6735.4492,11456
2023-08-24,7099.8501,7188,7072.5,7152.2002,6811.8315,17327
2023-08-25,7152.2002,7238.3999,7095.7998,7223.1001,6879.3584,24383
2023-08-28,7240,7364.75,7233.1001,7323.5498,6975.0273,15894
2023-08-29,7323.5498,7400,7296.0498,7369.9502,7019.2197,12812
2023-08-30,7399,7425,7351.2998,7418,7064.9834,7628
2023-08-31,7410.4502,7494,7410,7437.7002,7083.7456,56012
2023-09-01,7446.4502,7468,7306.7998,7340.7998,6991.4575,16812
2023-09-04,7340.0498,7377,7202.8501,7226.6499,6882.7383,47769
2023-09-05,7280,7280,7140.8999,7176.7998,6835.2612,85742
2023-09-06,7200,7215,7162.1001,7191,6848.7856,11332
2023-09-07,7200,7240.2998,7134.5,7193.6499,6851.3101,145744
2023-09-08,7228.9502,7232.5,7128,7141.7998,6801.9272,13932
2023-09-11,7141.7998,7199.8501,7132.9502,7185.2002,6843.2622,31984
2023-09-12,7212,7212,7042.2002,7133,6793.5459,154364
2023-09-13,7101.0498,7139,7019,7093.2002,6755.6401,90976
2023-09-14,7097.7002,7146.75,7097.7002,7125.0498,6785.9741,13303
2023-09-15,7131.9502,7163.9502,6982.0498,7103.1001,6765.0688,71560
2023-09-18,7194.9502,7254.3999,7152.3999,7229.8999,6885.8345,42353
2023-09-20,7253.9502,7273.9502,7186.3501,7230.7002,6886.5967,75653
2023-09-21,7241.7002,7385.5,7237.2998,7346.6001,6996.9814,45166
2023-09-22,7348,7419,7310.0498,7332.0498,6983.123,21167
2023-09-25,7341.3999,7398.9502,7253,7280.25,6933.7881,142385
2023-09-26,7320,7450,7305.2998,7351.5,7001.6479,87105
2023-09-27,7400,7405.2002,7192,7303.8999,6956.3125,39279
2023-09-28,7276,7339.9502,7020,7058.6499,6825.5293,52319
2023-09-29,7060.9502,7140.8999,7001.0498,7108.5,6873.7324,33287
2023-10-03,7100,7100,6945,7014.25,6782.5957,33983
2023-10-04,7014.25,7014.2998,6801,6819.2998,6594.084,31137
2023-10-05,6834.4502,6865.9502,6651,6672.0498,6451.6968,42162
2023-10-06,6750,6874.3999,6701.1499,6843.7002,6617.6787,41262
2023-10-09,6840,6879.7002,6800,6825.3999,6599.9824,15307
2023-10-10,6850.9502,6892,6785.9502,6821.3999,6596.1143,17024
2023-10-11,6822,7097.9502,6822,6884.5,6657.1309,70547
2023-10-12,6916.3501,6978.7998,6761,6783.4502,6559.418,29503
2023-10-13,6788.1499,6849.9502,6770,6838.8501,6612.9893,15812
2023-10-16,6838.8501,6863.3999,6791.3501,6850.25,6624.0122,25560
2023-10-17,6876.8999,6880,6790.1499,6840.5498,6614.6318,25456
2023-10-18,6870,6875,6822.7002,6865.0498,6638.3232,30829
2023-10-19,6822,6889,6756,6861.1499,6634.5518,16188
2023-10-20,6861.1499,7120,6828,7055.3999,6822.3867,101039
2023-10-23,7080,7165,7008.75,7099.0498,6864.5952,53413
2023-10-25,7099.1001,7128.8999,6800.3501,6856,6629.5723,28693
2023-10-26,6770,6833.9502,6650,6667.6499,6447.4429,21099
2023-10-27,6766.9502,6839,6670.1499,6729,6506.7666,13991
2023-10-30,6790,6820,6627.8999,6794.2998,6569.9102,19034
2023-10-31,6811.5498,6949.8999,6805.5498,6926.4502,6697.6963,19889
2023-11-01,6884.5,6924.6001,6711,6741,6518.3706,28739
2023-11-02,6776.5,6885,6776.5,6849.2998,6623.0928,56156
2023-11-03,6860.0498,6984.8999,6851.1499,6922.2998,6693.6821,17745
2023-11-06,7026.3501,7034,6913.2998,7000.3501,6769.1548,31959
2023-11-07,7000,7097.6001,7000,7065.1499,6831.814,28285
2023-11-08,7084,7135.25,7076,7130.5498,6895.0552,14575
2023-11-09,7120,7170,7050,7073.7998,6840.1797,17729
2023-11-10,7015.0498,7150,7015.0498,7138.6001,6902.8394,14493
2023-11-13,7134,7150,7052.0498,7126.2002,6890.8486,23008
2023-11-15,7163.7002,7190,7110.1499,7183.25,6946.0142,21269
2023-11-16,7091.5498,7195,7036,7138.3999,6902.6455,21153
2023-11-17,7125,7375,7108.6499,7347.7998,7105.1299,62674
2023-11-20,7347.7998,7357.7002,7243.6001,7272,7031.8335,12074
2023-11-21,7320,7355,7234.0498,7346,7103.3896,11430
2023-11-22,7359,7470,7330.3999,7377.2998,7133.6553,27197
2023-11-23,7420.8999,7440,7329.9502,7423.6001,7178.4263,15089
2023-11-24,7423.6001,7488.7998,7399,7438.8501,7193.1729,14344
2023-11-28,7420.1001,7480,7300,7320.7002,7078.9248,19597
2023-11-29,7325,7444.8501,7244.5498,7309.3501,7067.9497,17133
2023-11-30,7371.25,7400,7210,7356.1001,7113.1558,57191
2023-12-01,7406.9502,7439.9502,7260.5498,7332.8999,7090.7217,30157
2023-12-04,7396.6499,7974.25,7357.0498,7849.9502,7590.6963,157847
2023-12-05,7897,7897,7629.6499,7709.25,7454.6421,65891
2023-12-06,7780,7950,7720,7879,7618.7866,43794
2023-12-07,7870,8373.8496,7800,8080.3999,7813.5347,151760
2023-12-08,8080.3999,8080.3999,7920,7984.25,7720.5605,27621
2023-12-11,7984.25,8039,7770,7818.1001,7559.8975,64180
2023-12-12,7900.5,7900.5,7755.6001,7838,7579.1401,26619
2023-12-13,7849.8501,8366.6504,7823.25,8233.0996,7961.1919,53366
2023-12-14,8233.0996,8350,8160.1001,8325.5996,8050.6362,41327
2023-12-15,8325.5498,8370,7883.75,7969.7998,7706.5874,75533
2023-12-18,8039.8501,8039.8501,7870.1499,7894.6001,7633.8711,39141
2023-12-19,7940,7940,7800,7827.3501,7568.8428,54892
2023-12-20,7860,7914.25,7812,7869.6499,7609.7451,27757
2023-12-21,7777,7805,7660,7742.9502,7487.2295,29668
2023-12-22,7745,7873.2002,7745,7837.6001,7578.7534,17659
2023-12-26,7877,7955,7835,7891.3999,7630.7769,19122
2023-12-27,7898.9502,7980,7830.1001,7921.3501,7659.7378,11177
2023-12-28,7968.9502,8188.4502,7676.7998,7713.25,7458.5107,87310
2023-12-29,7749.8999,7819.8501,7620,7674.6001,7421.1367,52509
2024-01-01,7710,7799,7700,7763.6499,7507.2456,17080
2024-01-02,7810,7848.9502,7756.0498,7817.75,7559.5596,30786
2024-01-03,7829.9502,8220.5498,7711.2002,8103.3999,7835.7759,86219
2024-01-04,8080,8246,7968.0498,8209.9502,7938.8066,46150
2024-01-05,8252,8275,8020,8066.1001,7799.7075,26527
2024-01-08,8070,8128.2998,8018,8045.7998,7780.0771,11458
2024-01-09,8279.9502,8312.9502,7965,8008.3501,7743.8647,38473
2024-01-10,8088,8136.6001,7990,8031.9502,7766.6851,21386
2024-01-11,8032.7002,8108.9502,8005.25,8041.1499,7775.5811,19415
2024-01-12,8078,8117.9502,8025,8051.5498,7785.6372,9367
2024-01-15,8090,8250,8081.7998,8222.7998,7951.2324,33759
2024-01-16,8200,8209,8140.75,8177.3501,7907.2827,14829
2024-01-17,8149.9502,8150,8058.1499,8098.75,7831.2793,21311
2024-01-18,8139.7998,8139.7998,7890,7999.3501,7735.1616,33821
2024-01-19,8003.5,8500,8003.5,8472.7998,8192.9746,135675
2024-01-23,8400,8400,8007.5498,8122.2002,7853.9541,38548
2024-01-24,8199.8496,8230.9004,8001,8190.9502,7920.4341,21964
2024-01-25,8224.0996,8224.9004,8130,8194.7002,7924.0601,14926
2024-01-29,8192.0498,8380,8177.5498,8246.5498,7974.1973,32525
2024-01-30,8255,8327.9004,8202.1504,8251.6504,7979.1299,34625
2024-01-31,8251.6504,8393.5498,8211,8366.2998,8089.9922,35250
2024-02-01,8457,8457,8251.2998,8341.9004,8066.3994,21348
2024-02-02,8341.9004,8485,8271.0498,8461.4502,8182,16462
2024-02-05,8468.7998,8520,8307.9004,8330.3496,8055.2295,18949
2024-02-06,8342.7998,8479.5,8283.5498,8452.4502,8173.2974,19163
2024-02-07,8524,8719,8452,8611.8496,8327.4326,48763
2024-02-08,8700,8724.9004,8575,8674.0498,8387.5791,38780
2024-02-09,8684.25,8784.0996,8510,8634.0498,8348.8984,27292
2024-02-12,8634,8700.9004,8519.6504,8619.5996,8334.9277,11036
2024-02-13,8619.5996,8790,8571.5498,8761.7998,8472.4316,16594
2024-02-14,8700.1504,8878.9502,8651,8764.4004,8474.9453,16425
2024-02-15,8764.4004,8825,8680.8496,8769.0996,8479.4902,17982
2024-02-16,8825.9004,8925,8620.2002,8784.75,8494.623,38842
2024-02-19,8880,8974.9004,8757.4004,8876.25,8583.1006,14418
2024-02-20,8859,8898.3496,8742.7002,8817.5,8526.292,18070
2024-02-21,8895,8898.9004,8750,8807.7998,8516.9121,11657
2024-02-22,8845.5,8845.5,8615.2002,8683.9004,8397.1045,38170
2024-02-23,8750,8800,8559.0498,8755.7998,8466.6289,12322
2024-02-26,8765,8869,8730,8802.2002,8511.4961,17937
2024-02-27,8802.25,9140,8631.1504,8703,8415.5723,70693
2024-02-28,8708.1504,8820.7998,8671.1504,8705.2998,8417.7979,16018
2024-02-29,8651,9348.9502,8601,9149.5996,8847.4229,80740
2024-03-01,9154.2998,9288,8911.5,8944.3496,8648.9512,35724
2024-03-04,9175,9175,8838.9004,8855.5996,8563.1328,45298
2024-03-05,8830,8860.4502,8685,8726.1504,8437.96,41517
2024-03-06,8756.9502,8756.9502,8649.9502,8716.0996,8428.2402,41202
2024-03-07,8787.9502,8787.9502,8610,8665.1504,8378.9736,38774
2024-03-11,8666.25,8747.7002,8558.7998,8616.1504,8331.5898,67923
2024-03-12,8616.9502,8662.4502,8525,8594.1504,8310.3184,23669
2024-03-13,8510,8581.25,8277.9004,8369,8092.603,36711
2024-03-14,8225,8300,8080.6001,8231,7959.1611,68591
2024-03-15,8148.7002,8299.9004,8142.0498,8243.75,7971.4897,46749
2024-03-18,8243.75,8243.75,8150.1001,8210.2998,7939.1445,19087
2024-03-19,8264.5996,8318,8190.1001,8204.5996,7933.6323,23350
2024-03-20,8191.0498,8194.75,8088,8130.1499,7861.6421,14503
2024-03-21,8121,8219.7002,8120,8202.6504,7931.7476,16304
2024-03-22,8215,8447.6504,8202.6504,8395.0498,8117.7939,49514
2024-03-26,8212,8435,8212,8413.2002,8135.3447,29115
2024-03-27,8428.1504,8509.7998,7965.25,8096.2998,7828.9092,108749
2024-03-28,8065.1001,8344.0498,8065.1001,8272.75,7999.5322,74053
2024-04-01,8272.7002,8464.0996,8260,8407.5498,8129.8804,23249
2024-04-02,8399.9502,8447,8370.0498,8420.5,8142.4023,14963
2024-04-03,8479.3496,8479.3496,8304.0996,8358.1504,8082.1128,21126
2024-04-04,8358.1504,8449,8115,8124.6001,7856.2754,61071
2024-04-05,8178.25,8209,8125,8195.5498,7924.8823,20381
2024-04-08,8239.9502,8256,8190,8238.0996,7966.0264,23206
2024-04-09,8225,8270,8153.5,8172,7902.1104,16546
2024-04-10,8248.2002,8248.2002,8104.2002,8148.8999,7879.7725,16089
2024-04-12,8187.9502,8271.2002,8106.1001,8175.5498,7905.542,43228
2024-04-15,8165,8165,7893,7953.3999,7690.729,40510
2024-04-16,7945,7945,7848,7902.8999,7641.897,42416
2024-04-18,7920,7954.5,7860,7920.2002,7658.626,28100
2024-04-19,7924.9502,7925,7739.5,7835.7002,7576.9165,31951
2024-04-22,7845,8034.2002,7845,7955.1499,7692.4214,36625
2024-04-23,8046.5,8325,7967.5,8101.3501,7833.793,109168
2024-04-24,8120,8281.5498,8102.25,8230,7958.1938,34767
2024-04-25,8250,8324.5,8151.9502,8200.5498,7929.7158,30933
2024-04-26,8200.5996,8248.5,8080,8146.6499,7877.5967,32513
2024-04-29,8309.5996,8343,8142.1499,8187.3501,7916.9536,60799
2024-04-30,8250,8295,8050,8116.1499,7848.1045,72113
2024-05-02,8188.7002,8250,8014.2998,8110.5,7842.6411,37195
2024-05-03,8130,8324.9502,8130,8238.4502,7966.3647,46486
2024-05-06,8320,8320,8143.75,8186.2002,7915.8403,54469
2024-05-07,8186.2002,8310,8186.2002,8279.5498,8006.1074,33098
2024-05-08,8186.2002,8393.5996,8186.2002,8350,8074.231,32647
2024-05-09,8372.5996,8435,8320.25,8383.5498,8106.6729,38823
2024-05-10,8401.9004,8469.5,8270,8431.5498,8153.0874,16630
2024-05-13,8431.5498,8433.0996,8338.6504,8405.75,8128.1406,11773
2024-05-14,8405.7998,8495,8376.6504,8436.1504,8157.5366,17962
2024-05-15,8444.2002,8493.9502,8386,8429.9004,8151.4922,12212
2024-05-16,8468,8468,8300,8336.2998,8060.9824,21728
2024-05-17,8336.2998,8384.9502,8201,8220.6504,7949.1533,29430
2024-05-21,8278.9004,8299.9502,8027,8146.8999,7877.8389,60118
2024-05-22,8175,8175,8075.1001,8123.9502,7855.6465,15810
2024-05-23,8130,8181,8095,8165.2002,7895.5347,12988
2024-05-24,8198.3496,8198.3496,8015,8031.9502,7766.6851,59111
2024-05-27,8001,8033.25,7965.6001,7988.2998,7724.4771,26182
2024-05-28,7999.9502,8000.0498,7825.1001,7852.6001,7593.2583,53389
2024-05-29,7860,7860,7755,7793.8999,7536.4971,53870
2024-05-30,7765,8060.4502,7765,7986.25,7722.4941,60364
2024-05-31,8014,8019.9502,7813,7953.3999,7690.729,114833
2024-06-03,8129,8129,7990.0498,8014.2998,7749.6182,28468
2024-06-04,8014.2998,8080,7659.9502,7933.4502,7671.4385,40557
2024-06-05,7933.4502,8098,7900,8048.8999,7783.0752,26432
2024-06-06,8129,8145,8052.0498,8130.2998,7861.7866,17926
2024-06-07,8181.9502,8415,8163.3999,8377.5996,8100.9189,45046
2024-06-10,8450,8490,8280,8423.4004,8145.208,20223
2024-06-11,8430,8622.7998,8349.5,8382.4004,8105.5615,35518
2024-06-12,8448.9004,8448.9004,8320,8350.75,8074.9561,12780
2024-06-13,8440,8465,8226.5,8253.4502,7980.8701,27651
2024-06-14,8264.5996,8340,8260.2998,8302.8496,8028.6382,37519
2024-06-18,8340,8376,8273.3496,8283.5996,8010.0239,18624
2024-06-19,8348.7998,8373.5996,8185.7998,8199.7002,7928.8955,24661
2024-06-20,8200.0996,8277.7998,8164.8999,8245.7002,7973.376,19663
2024-06-21,8250,8310,8200,8226.6504,7954.9556,59500
2024-06-24,8309.9502,8992.8496,8274.5,8724.7998,8436.6514,464475
2024-06-25,8730,8853,8523.0996,8611.5498,8327.1426,74272
2024-06-26,8611,8645,8444,8503.5996,8222.7588,112962
2024-06-27,8503.0996,8730,8432.5498,8449.9004,8170.833,72022
2024-06-28,8449,8698,8449,8536.25,8274.8945,74446
2024-07-01,8498.0996,8837.4502,8498.0498,8756.4004,8488.3057,111072
2024-07-02,8730.5,8965,8717.5,8896.4502,8624.0664,71695
2024-07-03,8855.5498,9349,8820.5498,9296.75,9012.1113,131187
2024-07-04,9300,9980,9280.0498,9902.9004,9599.7012,499552
2024-07-05,9880,9899.9502,9550,9667.5996,9371.6055,136490
2024-07-08,9765,9935,9634.25,9905.1504,9601.8838,91945
2024-07-09,9860,9879,9722,9848,9546.4834,74520
2024-07-10,9839.9502,9839.9502,9690,9767.7998,9468.7383,46700
2024-07-11,9755.4502,9791.2998,9662,9773.9004,9474.6533,26061
2024-07-12,9792,9974,9693,9903.3496,9600.1377,38090
2024-07-15,9920,9920,9752,9908.75,9605.3721,23059
2024-07-16,9908.75,9910,9735,9796.9004,9496.9482,42229
2024-07-18,9750.0498,9850,9461.2002,9780.7002,9481.2441,38458
2024-07-19,9680,9924.5,9600.0498,9714.3496,9416.9238,37654
2024-07-22,9749.5996,10075,9724.4502,9979,9673.4717,77031
2024-07-23,9950,9990.2002,9488.2002,9738.1504,9439.998,31007
2024-07-24,9795,9870.0498,9478.5996,9501.5,9210.5918,32368
2024-07-25,9501.5,9568.6504,9329,9409.8496,9121.7471,23383
2024-07-26,9409.8496,9564.4004,9377.6504,9480.6504,9190.3799,17040
2024-07-29,9481,9725.5,9481,9642.5,9347.2754,29885
2024-07-30,9720,9720,9605.0996,9675.1504,9378.9258,11511
2024-07-31,9675.1504,9724.0498,9496.3496,9619.5,9324.9775,46366
2024-08-01,9619.5,9850,9360,9412.4502,9124.2686,51150
2024-08-02,9412.4502,9558.25,9348,9434.5996,9145.7402,33863
2024-08-05,9378,9385,9078.8496,9121.4004,8842.1289,26071
2024-08-06,9141.4004,9367.6504,9117.2002,9189.9502,8908.5811,27023
2024-08-07,9354.4004,9444.25,9150,9347.7998,9061.5977,19537
2024-08-08,9347.7998,9520,9317.5996,9401.3496,9113.5078,20264
2024-08-09,9365,9528,9365,9454.0996,9164.6426,9605
2024-08-12,9453,9478.2002,9321.4004,9374.0498,9087.043,13984
2024-08-13,9257.5498,9448,9121,9148.9004,8868.7881,38083
2024-08-14,9179.0498,9460,9151,9390.5996,9103.0879,56696
2024-08-16,9400,9600,9392,9585.5,9292.0205,20441
2024-08-19,9580,9665.9502,9530.0996,9607.6504,9313.4912,11623
2024-08-20,9608,9797.6504,9595.9004,9776.5,9477.1719,21525
2024-08-21,9749.0498,9800,9674.8496,9746.5,9448.0898,18400
2024-08-22,9740,9900,9739.9502,9880.9004,9578.376,29193
2024-08-23,9890,9921.3496,9825.0498,9874.1504,9571.833,29951
2024-08-26,9855,9925,9760.0996,9911.9004,9608.4268,69355
2024-08-27,9911.9004,9997,9801.7998,9934.5996,9630.4316,35085
2024-08-28,9985,10409,9865.0996,9972.4502,9667.123,189405
2024-08-29,9950,10214,9938.25,10059.5996,9751.6035,62522
2024-08-30,10210.5,10288,9951,10057.7002,9749.7617,112815
2024-09-02,10199.9502,10748.6504,10100.0498,10631.25,10305.752,301690
2024-09-03,10600,10979.0996,10568.5,10903.9004,10570.0557,201716
2024-09-04,10625,11185,10602.0498,11067.7002,10728.8398,139699
2024-09-05,10957,11128.5996,10851.0996,10895.7002,10562.1055,47122
2024-09-06,10850,10897.4004,10590.2002,10693.4004,10366,71606
2024-09-09,10650,10761.3496,10260.0996,10357.0996,10039.9951,72041
2024-09-10,10484.5996,10525,10265.1504,10343.8496,10027.1514,109379
2024-09-11,10418.9004,10516.2998,10271.9502,10314.6504,9998.8467,116090
2024-09-12,10449.9502,10481.3496,10262.9502,10393.7998,10075.5723,81548
2024-09-13,10433.9502,10485,10330.2998,10371.2998,10053.7617,84443
2024-09-16,10514.25,10514.25,10374.0996,10400,10081.582,51928
2024-09-17,10479.9502,10479.9502,10300.2002,10369.9004,10052.4053,32624
2024-09-18,10430,10894.4004,10389.9004,10793,10462.5498,203890
2024-09-19,10850,10857.4502,10647.6504,10766.9004,10437.249,37124
2024-09-20,10812.3496,11350,10716.0498,11163.4004,10821.6084,116438
2024-09-23,11164.2002,11277,10950,11085.3496,10745.9482,40331
2024-09-24,11200,11280,10790,10842.0498,10510.0977,67183
2024-09-25,10770.0498,10770.0498,10600,10686.3496,10421.6445,38803
2024-09-26,10778.7998,10866.4004,10590,10815.2998,10547.3994,55743
2024-09-27,10815.2998,10897,10356,10543.4502,10282.2852,95510
2024-09-30,10540,10556,10287.7002,10494.7002,10234.7422,62295
2024-10-01,10514.3496,10638.0498,10378.5,10605.7002,10342.9932,28112
2024-10-03,10540,10750,10393.25,10519.0996,10258.5371,46736
2024-10-04,10411,10570.8496,10195.0498,10368.3496,10111.5215,29133
2024-10-07,10499,10499,10174.4502,10335,10078.998,28090
2024-10-08,10160,10385.7998,10160,10332.75,10076.8027,23825
2024-10-09,10424,10591.2002,10315,10473.4004,10213.9688,16202
2024-10-10,10473.4004,10801.9004,10434.2998,10747.0498,10480.8398,29630
2024-10-11,10830,10897,10729,10851.0996,10582.3125,19967
2024-10-14,10880,10880,10609.9502,10670.25,10405.9424,31733
2024-10-15,10720,10818.4502,10487.4502,10707.3496,10442.124,32315
2024-10-16,10707.3496,10732.1504,10399.5,10505.1504,10244.9326,33502
2024-10-17,10480,10550,10219.1504,10402.75,10145.0693,36005
2024-10-18,10306,10328.0996,10004.8496,10240.4004,9986.7412,31707
2024-10-21,10241.3496,10574.9502,10165.9502,10304.2998,10049.0576,57230
2024-10-22,10367.4502,10489.0498,10101.0498,10296.75,10041.6953,39686
2024-10-23,10339.8496,10382.3496,10138.5498,10216.8496,9963.7744,22608
2024-10-24,10218.7998,10346.5,10072.7998,10117.2998,9866.6904,19752
2024-10-25,10100,10299.9004,10010,10156.4502,9904.8701,23577
2024-10-28,10310,10371.1504,10140.1504,10223.8496,9970.6006,18055
2024-10-29,10342.75,10387.0498,10200,10355.25,10098.7451,24098
2024-10-30,10325.0498,10398,10135,10223.2998,9970.0645,29790
2024-10-31,10226,10337.4502,10064.0498,10249.5,9995.6152,41264
2024-11-01,10300,10350,10251,10332.5498,10076.6084,2117
2024-11-04,10332.5498,10699,10110.0498,10658.25,10394.2402,110638
2024-11-05,10649.9502,10715,10380.0996,10600.3496,10337.7734,39999
2024-11-06,10600,10736.4004,10540.7998,10590.2002,10327.876,23227
2024-11-07,10725,10725,10400,10498.8496,10238.79,39553
2024-11-08,10498.8496,10618,10390.0498,10488.2998,10228.5,29146
2024-11-11,10550,10897.7998,10390.0996,10851.4502,10582.6543,57715
2024-11-12,10850,10888.7002,10624,10794.1504,10526.7744,39197
2024-11-13,10655,10750.5,10469.0498,10528.6504,10267.8506,21623
2024-11-14,10530,11154.5,10249,10850.0996,10581.3379,106278
2024-11-18,10860,11005.0996,10605.3496,10684.75,10420.084,39537
2024-11-19,10760,10799.9004,10520.0498,10555.2998,10293.8408,18870
2024-11-21,10626.5996,10657.3496,10352.75,10420.9502,10162.8184,33961
2024-11-22,10524,10615,10400.4004,10458.2998,10199.2422,21513
2024-11-25,10498.9502,10659.9502,10300,10591.5498,10329.1914,99760
2024-11-26,10675,10680,10415.4502,10476.25,10216.749,35282
2024-11-27,10476.25,10530,10154,10221.8496,9968.6504,39102
2024-11-28,10320,10395.8496,10178.2998,10326.4502,10070.6592,27443
2024-11-29,10378.9004,10551,10120.0498,10468.25,10208.9473,56323
2024-12-02,10301,10451.6504,10200,10403.2998,10145.6055,44838
2024-12-03,10400,10706,10250.0498,10683,10418.3779,61089
2024-12-04,10683,10713.9502,10480,10607.1504,10344.4063,38886
2024-12-05,10650,10790,10481,10742.9502,10476.8428,30835
2024-12-06,10700,10766,10601,10675.8496,10411.4033,22898
2024-12-09,10700,11244.4502,10675.8496,11122,10846.5039,127070
2024-12-10,11079.0498,11268.3496,10925,11197.75,10920.377,74434
2024-12-11,11350,11545.9004,11031.0498,11167.75,10891.1211,84627
2024-12-12,11198.75,11450.0498,11119.9502,11273.4502,10994.2012,54988
2024-12-13,11276.7002,11289.0996,11070,11131.75,10856.0117,35484
2024-12-16,11197.9502,11297.6504,10800,11023.5,10750.4443,31261
2024-12-17,11025,11340,10966.7998,11270,10990.8379,71749
2024-12-18,11281.0498,11355,11050,11184.0498,10907.0146,52623
2024-12-19,11025,11524,10849.8496,11331.5,11050.8135,117845
2024-12-20,11331.5,11331.5498,10651.4004,10746.75,10480.5479,65090
2024-12-23,10746.75,11220,10746.75,11115.1504,10839.8223,87126
2024-12-24,11115,11210,10920.0498,11048.5996,10774.9209,29202
2024-12-26,11048.5996,11259,10916.0996,11202.0498,10924.5703,42464
2024-12-27,11094,11398,11094,11300.9004,11020.9717,57315
2024-12-30,11300,13238,11211.9502,12630.7998,12317.9287,685958
2024-12-31,12488,12488,11650.0498,11886.75,11592.3096,187495
2025-01-01,11900,12045.5996,11711,11843.0996,11549.7402,60912
2025-01-02,11863.25,12033.2998,11835.5996,11918.9502,11623.7129,39204
2025-01-03,11937,11996.7002,11525,11607.9502,11320.415,57648
2025-01-06,11705,11705,10951.9502,11025.9502,10752.833,60656
2025-01-07,11136.2002,11323,11045,11101.2998,10826.3154,46066
2025-01-08,11200.9502,11764.9502,11138.7998,11270.7998,10991.6172,220364
2025-01-09,11250,11424.9004,11117.6504,11168.9004,10892.2412,32000
2025-01-10,11200.2002,11294.4502,10680,10827.8496,10559.6396,42116
2025-01-13,10827.8496,10846.6504,10245.0996,10314.7998,10059.2988,45192
2025-01-14,10499,10717.25,10315.0498,10620.5996,10357.5215,26276
2025-01-15,10600,10970,10600,10849.1504,10580.4121,36677
2025-01-16,11099,11099.9502,10761.0498,10937.3496,10666.4268,23836
2025-01-17,10937,10999.9502,10780,10802.0996,10534.5273,15135
2025-01-20,10843.9502,11057.9502,10800,10861.7998,10592.748,21529
2025-01-21,10910,11022.5498,10665.5498,10797,10529.5527,20940
2025-01-22,10900.1504,11423.4502,10890.7998,11286.4004,11006.832,376194
2025-01-23,11200.0498,11365,11082.7002,11198.2998,10920.9131,42202
2025-01-24,11160.0498,11310,11101.4004,11290.0996,11010.4385,28427
2025-01-27,11286,11307.9502,11102.1504,11193.2002,10915.9404,33246
2025-01-28,11150,11328.2002,10986.0996,11029.2998,10756.0996,80284
2025-01-29,11029.2998,11498,11029.2998,11426.8496,11143.8008,49369
2025-01-30,11601.2002,11867.5,11106.0996,11206.0498,10928.4707,101370
2025-01-31,11250,11849.9502,11193.0996,11559.7002,11273.3613,81560
2025-02-01,11561.9502,11845.25,11514.0498,11754,11462.8477,25068
2025-02-03,11700,12419.4502,11681.0996,12205,11902.6768,100514
2025-02-04,12205,12368.8496,11560,11735.8496,11445.1465,54181
2025-02-05,11771.7998,11855,11325.2002,11381.9004,11099.9658,101219
2025-02-06,11481.9004,11711.8496,11360,11424.4004,11141.4131,74724
2025-02-07,11440,11478.5498,11200,11271.1504,10991.959,167122
2025-02-10,11262.5996,11700,11238.5498,11523.2002,11237.7646,84954
2025-02-11,11500,11628.4004,11340.8496,11513.5996,11228.4023,87425
2025-02-12,11480.0498,11994.5996,11250,11877.0996,11582.8984,88894
2025-02-13,11639.5498,12376.3496,11635.0996,12142.6504,11841.8711,102223
2025-02-14,12100.2002,12250,11851.0498,12075.2002,11776.0918,120567
2025-02-17,12032.5996,12094,11602.0498,12013.6504,11716.0674,94605
2025-02-18,12012,12245,11849.9004,11994.1504,11697.0518,33973
2025-02-19,11991,12475,11636,11732.0996,11441.4902,78087
2025-02-20,11740,12586.5996,11730,12454.2998,12145.8018,118067
2025-02-21,12440,12569,12125,12207.8496,11905.4561,45778
2025-02-24,12407.8496,12603.9004,11871.2998,12001.8496,11704.5586,151381
2025-02-25,12053,12097.25,11561.0996,11642.0498,11353.6709,69293
2025-02-27,11759,12449,11759,12068.6504,11769.7041,250322
2025-02-28,11854.1504,12000,11202,11574.3496,11287.6475,182651
2025-03-03,11594.75,11836.0996,11303.6504,11346.75,11065.6855,60270
2025-03-04,11343.75,11444.9502,11082.6504,11209.1504,10931.4932,69989
2025-03-05,11225,11595,11225,11560,11273.6543,40281
2025-03-06,11676.0996,12095,11299,11361.9502,11080.5098,139333
2025-03-07,11450.1504,11907.9502,11435.0498,11774.9502,11483.2803,138683
2025-03-10,11838.0996,12015,11536.0498,11637.2002,11348.9424,83095
2025-03-11,11587.2002,11705,11315.5498,11384.5498,11102.5488,78819
2025-03-12,11454,11582.0498,11283.7998,11458.2998,11174.4717,63518
2025-03-13,11543.9502,11589.9502,11285.25,11320.2002,11039.7949,40038
2025-03-17,11442.8496,11722.4004,11311.2998,11566.5996,11280.0898,85256
2025-03-18,11748.90,11915.00,11508.10,11619.40,11619.40,105830
2025-03-19,11699.9502,11900,11527.5,11870.0498,11576.0234,67825
2025-03-20,11870.0498,12049.8496,11802.9502,11998.7002,11701.4863,51283
2025-03-21,12005,12390,11950,12273.5498,11969.5293,161147
2025-03-24,12400,12550,12338,12435.5,12127.4668,41834
2025-03-25,12570,12795,12451,12521.5,12211.3369,46286
2025-03-26,12521.0996,12800,12460.0996,12599.0498,12286.9658,63984
2025-03-27,12599.0498,12681,12203.3496,12462.5498,12153.8477,116843
2025-03-28,12562.5498,12899.9502,12434.7002,12473.0498,12164.0869,51564
2025-04-01,12499,12532,11806.0996,11911.4502,11616.3984,57842
2025-04-02,11989,12055.5,11405,11515.0996,11229.8652,209700
2025-04-03,11499.9502,11699.6504,11400.0498,11499.8496,11214.9932,61864
2025-04-04,11506.3496,11639.9004,11201.1504,11506.9004,11221.8691,63954
2025-04-07,10400,10955.3496,10400,10779.5996,10512.584,82134
2025-04-08,11249.9502,11249.9502,10625.5996,10811.75,10543.9385,184342
2025-04-09,10776.5,11234,10538.75,11092.2998,10817.5381,148878
2025-04-11,11300,11384,11087.2998,11282.1504,11002.6865,44334
2025-04-15,11339,11890,11339,11826,11533.0654,74599
2025-04-16,11825,11825,11522,11585,11298.0342,62520
2025-04-17,11668,12017,11503,11955,11658.8691,76485
2025-04-21,12030,12248,11984,12207,11904.6279,35641
2025-04-22,12250,12436,12207,12324,12018.7285,32407
2025-04-23,12345,12535,12154,12422,12114.3018,53425
2025-04-24,12560,12681,12180,12379,12072.3672,56181
2025-04-25,12478,12585,11868,12198,11895.8506,57428
2025-04-28,12109,12411,12109,12354,12047.9854,28811
2025-04-29,12484,12530,12228,12316,12010.9277,31643
2025-04-30,12360,12535,11841,11973,11676.4238,68305
2025-05-02,11997,12199,11772,11952,11655.9424,47621
2025-05-05,12014,12171,11774,11901,11606.207,56022
2025-05-06,11914,12055,11726,11858,11564.2715,31438
2025-05-07,11711,12000,11700,11907,11612.0586,37189
2025-05-08,11908,11968,11411,11549,11262.9268,55182
2025-05-09,11200,11445,11151,11238,10959.6299,33839
2025-05-12,11699,12190,11507,12094,11794.4268,52048
2025-05-13,12001,12120,11880,11921,11625.7119,31479
2025-05-14,11970,12089,11808,12020,11722.2598,30116
2025-05-15,12066,12744,12066,12630,12317.1494,143084
2025-05-16,12630,13480,12630,13111,12786.2334,173590
2025-05-19,13150,14400,13045,13973,13626.8818,268741
2025-05-20,14000,14000,12800,12932,12611.6689,196316
2025-05-21,13090,13314,12710,13142,12816.4658,113427
2025-05-22,13142,13394,13037,13198,12871.0801,87848
2025-05-23,13200,13845,13189,13748,13407.4551,114272
2025-05-26,13851,14146,13841,13978,13631.7588,83908
2025-05-27,13979,14040,13656,13803,13461.0938,52486
2025-05-28,13926,13973,13556,13617,13279.7002,39327
2025-05-29,13787,13890,13266,13327,12996.8838,56660
2025-05-30,13480,14018,13263,13414,13081.7295,299062
2025-06-02,13477,13549,13184,13418,13085.6309,68285
2025-06-03,13545,13596,13101,13158,12832.0703,47907
2025-06-04,13224,13456,13121,13414,13081.7295,54760
2025-06-05,13460,13538,13271,13482,13148.0459,39215
2025-06-06,13600,14740,13490,14251,13897.9961,503230
2025-06-09,14322,14387,14090,14251,13897.9961,86582
2025-06-10,14327,14458,14228,14382,14025.751,66433
2025-06-11,14499,14632,14271,14361,14005.2725,51861
2025-06-12,14490,14524,14036,14090,13740.9844,167890
2025-06-13,14036,14149,13878,14084,13735.1328,37393
2025-06-16,14059,14200,13650,13978,13631.7588,67774
2025-06-17,14081,14108,13722,13789,13447.4404,36462
2025-06-18,13840,13858,13580,13684,13345.042,45817
2025-06-19,13757,13788,13406,13465,13131.4658,35924
2025-06-20,13531,13724,13500,13614,13276.7744,74560
2025-06-23,13551,13585,13364,13459,13125.6143,32073
2025-06-24,13547,13812,13439,13774,13432.8115,70253
2025-06-25,13839,13918,13592,13721,13381.125,41533
2025-06-26,13844,13940,13681,13870,13526.4336,42047
2025-06-27,13934,14400,13747,14134,13811.7773,96693
2025-06-30,14000,14450,13951,14379,14051.1914,98360
2025-07-01,14473,14630,14221,14341,14014.0576,87116
2025-07-02,14448,14538,14265,14417,14088.3252,35886
2025-07-03,14444,14524,14116,14184,13860.6377,32741
2025-07-04,14293,14405,14174,14227,13902.6572,28212
2025-07-07,14291,14349,14105,14288,13962.2666,21147
2025-07-08,14332,14346,13850,13882,13565.5215,35627
2025-07-09,13951,13972,13701,13862,13545.9775,33064
2025-07-10,13862,13916,13740,13875,13558.6816,22679
2025-07-11,13950,14100,13710,13752,13438.4854,21532
2025-07-14,13805,14299,13659,14148,13825.458,57795
2025-07-15,14220,14350,14008,14164,13841.0928,39811
2025-07-16,14164,14220,14050,14095,13773.666,30787
2025-07-17,14161,14161,14022,14100,13778.5518,14426
2025-07-18,14100,14146,13800,13848,13532.2959,24707
2025-07-21,13940,14100,13763,14035,13715.0342,61972
2025-07-22,14100,14107,13949,14070,13749.2354,22959
2025-07-23,14172,14172,13939,13973,13654.4473,21611
2025-07-24,14033,14204,13901,14165,13842.0693,108160
2025-07-25,14150,14150,13675,13852,13536.2061,83665
2025-07-28,13900,14149,13511,13802,13487.3457,50923
2025-07-29,13804,14117,13562,14062,13741.4189,47610
2025-07-30,14099,14119,13903,14059,13738.4873,17412
2025-07-31,13844,14061,13844,13963,13644.6758,27343
2025-08-01,13975,14034,13781,13848,13532.2959,21385
2025-08-04,13715,14250,13641,13899,13582.1348,48902
2025-08-05,13964,13987,13800,13861,13545.001,22438
2025-08-06,13900,13974,13531,13607,13296.791,49939
2025-08-07,14000,14445,13645,13780,13465.8477,293772
2025-08-08,13909,14374,13667,13718,13405.2607,94466
2025-08-11,13828,14099,13515,14047,13726.7607,45715
2025-08-12,13902,14109,13755,13805,13490.2783,25155
2025-08-13,13933,14021,13813,13917,13599.7236,22910
2025-08-14,13970,14200,13900,14136,13813.7314,26389
2025-08-18,14136,14763,14135,14523,14191.9082,94360
2025-08-19,14636,14636,13700,13785,13470.7334,131464
2025-08-20,13853,13874,13405,13642,13330.9932,111820
2025-08-21,13780,13780,13568,13700,13387.6709,36999
2025-08-22,13700,13850,13421,13545,13236.2051,33115
2025-08-25,13630,13630,13200,13265,12962.5889,61206
2025-08-26,13299,13350,12840,12997,12700.6982,92529
2025-08-28,13050,13200,12900,12966,12670.4043,38487
2025-08-29,13030,13040,12751,12770,12478.873,38945
2025-09-01,12770,12847,12481,12544,12258.0254,89792
2025-09-02,12600,12744,12544,12620,12332.293,44479
2025-09-03,12720,13067,12650,13023,12726.1055,53649
2025-09-04,13200,13200,12850,12981,12685.0635,39931
2025-09-05,13079,13079,12835,12926,12631.3164,50777
2025-09-08,12934,13000,12717,12771,12479.8496,61431
2025-09-09,12850,13100,12776,13064,12766.1709,55948
2025-09-10,13120,13297,12950,13054,12756.3984,47841
2025-09-11,13140,13260,13004,13099,12800.373,25540
2025-09-12,13188,13243,13107,13211,12909.8193,66532
2025-09-15,13279,13280,13111,13198,12897.1162,51240
2025-09-16,13275,13600,13158,13525,13216.6602,53962
2025-09-17,13590,13880,13551,13663,13351.5146,63527
2025-09-18,13664,13703,13445,13467,13159.9834,25665
2025-09-19,13469,13520,13152,13206,12904.9336,95999
2025-09-22,13209,13419,13142,13279,13040.4551,29040
2025-09-23,13328,13345,13175,13265,13026.707,28684
2025-09-24,13215,13290,13152,13203,12965.8203,14576
2025-09-25,13225,13263,12850,12899,12667.2803,31085
2025-09-26,12897,12985,12544,12698,12469.8926,32351
2025-09-29,12798,12903,12320,12462,12238.1318,125091
2025-09-30,12570,12690,11890,12247,12026.9941,103078
2025-10-01,12100,12301,11940,11996,11780.502,81652
2025-10-03,12039,12039,11780,11819,11606.6826,119815
2025-10-06,11828,11986,11782,11802,11589.9883,57423
2025-10-07,11880,12148,11810,12089,11871.832,102380
2025-10-08,12250,12273,12015,12093,11875.7598,38642
2025-10-09,12151,12166,11884,11909,11695.0654,33143
2025-10-10,11980,12148,11888,12074,11857.1016,31215
2025-10-13,11911,12400,11911,12354,12132.0713,44409
2025-10-14,12302,12362,12095,12211,11991.6396,39400
2025-10-15,12225,12300,12125,12217,11997.5322,25443
2025-10-16,12217,12563,12217,12501,12276.4316,46094
2025-10-17,12520,12681,12325,12655,12427.6641,46744
2025-10-20,12593,12676,12510,12605,12378.5625,24435
2025-10-21,12799,12799,12623,12732,12503.2803,7414
2025-10-23,12735,13186,12683,13144,12907.8799,102501
2025-10-24,13144,13167,12953,13144,12907.8799,76553
2025-10-27,13140,13157,12901,12953,12720.3115,42072
2025-10-28,12953,13074,12727,12787,12557.293,78709
2025-10-29,12786,12793,12513,12619,12392.3105,22032
2025-10-30,12700,12700,12350,12446,12222.4189,23844
2025-10-31,12534,12534,12273,12303,12081.9873,29810
2025-11-03,12303,12303,12014,12127,11909.1494,42681
2025-11-04,12106,12463,12006,12091,11873.7959,35113
2025-11-06,12139,13250,12015,13139,12902.9697,706323
2025-11-07,13000,13000,12510,12580,12354.0117,87011
2025-11-10,12594,13157,12570,12614,12387.4004,85196
2025-11-11,12614,12634,12050,12156,11937.6279,73726
2025-11-12,12499,12500,11934,11998,11782.4668,82679
2025-11-13,12000,12133,11964,11981,11765.7725,40621
2025-11-14,12041,12642,12019,12570,12344.1904,174364
2025-11-17,12574,12964,12090,12124,11906.2031,110495
2025-11-18,12159,12189,11828,11872,11658.7305,85666
2025-11-19,11949,11959,11679,11733,11522.2275,61239
2025-11-20,11679,11809,11667,11747,11535.9756,39186
2025-11-21,11747,11824,11601,11641,11431.8799,54164
2025-11-24,11721,11731,11351,11473,11266.8975,161587
2025-11-25,11500,11690,11352,11640,11430.8984,41900
2025-11-26,11690,11818,11425,11734,11523.209,65740
2025-11-27,11740,11773,11221,11246,11043.9756,112924
2025-11-28,11329,11615,11100,11499,11292.4307,198137
2025-12-01,11519,11846,11300,11332,11128.4316,131948
2025-12-02,11300,11300,10922,11049,10850.5146,359605
2025-12-03,11116,11320,10985,11222,11020.4072,186376
2025-12-04,11249,11379,11080,11118,10918.2754,60360
2025-12-05,11121,11266,10980,11181,10980.1436,194196
2025-12-08,11100,11172,10890,10968,10770.9697,62994
2025-12-09,10988,11127,10880,11063,10864.2627,60470
2025-12-10,11062,11165,10977,11102,10902.5625,43035
2025-12-11,11089,11174,10968,10984,10786.6816,31891
2025-12-12,11035,11089,10880,10900,10704.1914,37619
2025-12-15,10905,11098,10830,11062,10863.2813,52244
2025-12-16,11032,11152,10945,11068,10869.1729,65436
2025-12-17,11075,11140,10987,11072,10873.1016,26971
2025-12-18,11106,11106,10800,10941,10744.4551,29991
2025-12-19,11020,11270,10962,11148,10947.7363,72371
2025-12-22,11158,11337,11102,11255,11052.8135,36705
2025-12-23,11255,11310,11186,11279,11076.3828,25921
2025-12-24,11240,11302,11198,11224,11022.3711,16358
2025-12-26,11199,11295,11149,11155,10954.6104,14887
2025-12-29,11120,11330,11120,11250,11047.9033,21182
2025-12-30,11236,11420,10913,10982,10784.7178,81987
2025-12-31,11020,11500,11020,11328,11124.5029,135869
2026-01-01,11350,11438,11220,11342,11138.251,37154
2026-01-02,11342,11342,11072,11181,10980.1436,58889
2026-01-05,11199,11392,11100,11272,11069.5088,67952
2026-01-06,11272,11343,11101,11202,11000.7656,54515
2026-01-07,11224,11247,11029,11198,10996.8379,47399
2026-01-08,11200,11660,11138,11209,11007.6396,287380
2026-01-09,11201,11272,11016,11043,10844.623,61206
2026-01-12,11134,11161,10640,10745,10551.9756,133197
2026-01-13,10785,10980,10624,10729,10536.2627,128939
2026-01-14,10799,10820,10600,10741,10548.0479,88075
2026-01-15,10741,10741,10741,10741,10548.0479,0
2026-01-16,10799,10810,10621,10682,10490.1074,52028
2026-01-19,10631,10788,10505,10648,10456.7178,42224
2026-01-20,10689,10689,10520,10560,10370.2988,45417
2026-01-21,10561,10661,10540,10613,10422.3467,43298
2026-01-22,10649,10787,10639,10735,10542.1553,33459
2026-01-23,10767,10785,10596,10668,10476.3594,131490
2026-01-27,10711,10744,10481,10609,10418.4189,76057
2026-01-28,10582,10754,10580,10704,10511.7119,50260
2026-01-29,10749,10775,10641,10727,10534.2988,37478
2026-01-30,10640,10860,10640,10800,10605.9883,66246
2026-02-02,10560,10697,10400,10661,10469.4854,46807
2026-02-03,10800,11035,10800,10915,10718.9219,83810
2026-02-04,10915,11086,10827,10889,10693.3887,48360
2026-02-05,11000,11310,10816,10891,10695.3525,211732
2026-02-06,10915,11023,10675,10999,10801.4131,53765
2026-02-09,11032,11139,10957,11101,10901.5811,52907
2026-02-10,11063,11150,11005,11081,10881.9395,33459
2026-02-11,11097,11195,11015,11111,10911.4004,28692
2026-02-12,11113,11181,11000,11040,10841.6758,24946
2026-02-13,11040,11040,10821,10881,10685.5332,32683
2026-02-16,10881,11239,10862,11133,10933.0059,46053
2026-02-17,11205,11274,11033,11217,11015.4971,34140
2026-02-18,11236,11440,11226,11413,11207.9756,58482
2026-02-19,11388,11460,11100,11188,10987.0176,68967
2026-02-20,11188,11217,10949,11188,10987.0176,61661
2026-02-23,11220,11632,11150,11501,11294.3955,137005
2026-02-24,11524,11558,11261,11330,11126.4668,62913
2026-02-25,11400,11449,11112,11166,10965.4131,114964
2026-02-26,11184,11224,10880,10951,10754.2754,109416
2026-02-27,10980,11060,10767,10804,10609.915,83861
2026-03-02,10400,10720,10400,10695,10502.874,35739
2026-03-04,10499,10681,10485,10651,10459.6641,54569
2026-03-05,10658,10726,10540,10663,10471.4482,36502
2026-03-06,10600,10791,10543,10560,10370.2988,29688
2026-03-09,10481,10489,10200,10250,10065.8682,53369
2026-03-10,10308,10352,10111,10289,10104.167,59081
2026-03-11,10300,10419,10110,10177,9994.1797,66296
2026-03-12,10102,10103,9760,9789,9613.1494,83281
2026-03-13,9768,9856,9482,9506,9335.2334,60848
2026-03-16,9506,9691,9345,9631,9457.9883,46038
2026-03-17,9630,9729,9531,9663,9489.4121,31655
2026-03-18,9663,9900,9657,9859,9681.8916,32315
2026-03-19,9781,9781,9630,9674,9500.2148,74131
2026-03-20,9705,9794,9470,9512,9341.125,42855
2026-03-23,9466,9498,9088,9162,8997.4131,46331
2026-03-24,9252,9436,9211,9337,9169.2695,46884
2026-03-25,9401,9662,9401,9554,9382.3701,49122
2026-03-27,9464,9531,9120,9150,8985.6289,131105
2026-03-30,9026,9090,8712,8746,8588.8857,108922
2026-04-01,8999,9166,8831.5,8907,8746.9941,71648
2026-04-02,8780,9020,8588,8992.5,8830.957,52733
2026-04-06,9037,9190,8838,9131,8966.9697,48445
2026-04-07,9077,9300,8933,9237,9071.0654,46495
2026-04-08,9500,10100.5,9450,9970,9790.8975,101490
2026-04-09,9961.5,10090,9879,9912.5,9734.4307,54813
2026-04-10,9990,10118.5,9924,9997.5,9817.9033,42980
2026-04-13,9846,10022,9795,9858,9680.9102,39203
2026-04-15,10004.5,10167.5,9942.5,10058.5,9877.8086,53511
2026-04-16,10173,10260,10098,10205,10021.6768,81617
2026-04-17,10210,10401,10150.5,10355.5,10169.4727,47900
2026-04-20,10400,10496,10302,10388,10201.3896,38761
2026-04-21,10375,10449,10304.5,10329,10143.4482,20317
2026-04-22,10355,10425.5,10300,10376,10189.6045,25978
2026-04-23,10350.5,10583,10252,10376.5,10190.0957,50640
2026-04-24,10351.5,10450,10210,10259.5,10075.1973,32677
2026-04-27,10310,10420,10255.5,10333.5,10147.8682,20642
2026-04-28,10333.5,10392,10185,10246.5,10062.4307,65957
2026-04-29,10355,10470,10290,10305.5,10120.3711,23745
2026-04-30,10355,10372.5,10120.5,10267,10082.5625,28916
2026-05-01,10267,10267,10267,10267,10082.5625,0
2026-05-04,10399,10691,10276,10376,10189.6045,48288
2026-05-05,10376,10498,10231,10469,10280.9346,28968
2026-05-06,10600,10799,10514,10612,10421.3643,47202
2026-05-07,10800,10804,10542,10597,10406.6348,139708
2026-05-08,10545,10840,10342,10632,10441.0059,79849
2026-05-11,10632,10662,10370,10425,10237.7246,34410
2026-05-12,10410,10525,10062,10097,9915.6162,42479
2026-05-13,10060,10195,9958,10025,9844.9102,32335
2026-05-14,10074,10473,9940,10357,10170.9453,57961
2026-05-15,10305,10482,10229,10308,10122.8262,21073
2026-05-18,10250,10425,10100,10367,10180.7666,30521
2026-05-19,10367,10475,10270,10313,10127.7363,30959
2026-05-20,10237,10498,10171,10468,10279.9512,39588
2026-05-21,10540,10685,10200,10402,10215.1377,78531
2026-05-22,10389,10575,10370,10483,10294.6826,29263
2026-05-25,10650,10741,10535,10642,10450.8252,33285
2026-05-26,10681,10931,10601,10705,10512.6943,47093
2026-05-27,10705,10710,10500,10556,10366.3711,30861
2026-05-28,10556,10556,10556,10556,10366.3711,0
2026-05-29,10570,10620,10270,10361,10174.874,103855
2026-06-01,10450,10547,10200,10270,10085.5088,66761
2026-06-02,10295,10318,10073,10240,10056.0479,31461
2026-06-03,10200,10265,10060,10190,10006.9453,25913
2026-06-04,10149,10278,10081,10127,9945.0771,24423
2026-06-05,10189,10355,10131,10199,10015.7842,68806
2026-06-08,10092,10092,9816,9868,9690.7305,45644
2026-06-09,9938,10280,9870,10253,10068.8135,57488
2026-06-10,10280,10283,9974,10035,9854.7305,32889
2026-06-11,9976,10021,9850,9863,9685.8203,29918
2026-06-12,9958,10199,9904,10161,9978.4668,29301
2026-06-15,10280,10552,10254,10286,10101.2217,62629
2026-06-16,10350,10500,10295,10464,10276.0244,32359
2026-06-17,10500,10598,10414,10500,10311.377,39333
2026-06-18,10550,10705,10500,10676,10484.2148,50170
2026-06-19,10740,10844,10582,10677,10485.1973,56613
2026-06-22,10741,10939,10690,10895,10699.2813,97395
2026-06-23,10920,10995,10600,10615,10424.3115,67206
2026-06-24,10630,10701,10523,10583,10392.8857,60977
2026-06-25,10583,10810,10570,10599,10408.5986,34737
2026-06-26,10599,10599,10599,10599,10408.5986,0
2026-06-29,10599,10692,10555,10592,10401.7246,52336
2026-06-30,10545,10670,10385,10603,10541.9121,92118
2026-07-01,10649,10905,10513,10719,10657.2441,88123
2026-07-02,10780,10910,10753,10858,10795.4434,46088
2026-07-03,10939,11218,10921,11079,11015.1699,65821
2026-07-06,11111,11148,10787,10819,10756.668,43332
2026-07-07,10923,10943,10710,10759,10697.0137,37791
2026-07-08,10650,10728,10276,10336,10276.4502,56531
2026-07-09,10392,10611,10388,10581,10520.0391,48069
2026-07-10,10687,10695,10493,10654,10592.6182,23369
2026-07-13,10150,10915,10132,10752,10690.0537,83705
2026-07-14,10635,10714,10459,10486,10425.5859,29082
2026-07-15,10480,10577,10458,10531,10470.3271,42422
2026-07-16,10531,10559,10380,10417,10356.9834,60178
2026-07-17,10444,10533,10345,10398,10338.0928,68257
2026-07-20,10369,10446,10285,10299,10239.6631,67812
2026-07-21,10299,10525,10299,10446,10385.8164,109643
2026-07-22,10446,10544,10304,10425,10364.9375,41630
2026-07-23,10446,10700,10378,10636,10574.7217,108337
2026-07-24,10625,10750,10555,10679,10617.4746,73470
2026-07-27,10694,10829,10631,10810,10747.7197,69044
2026-07-28,10800,10886,10741,10831,10768.5986,50011
2026-07-29,10875,10968,10810,10949,10885.9189,25720
2026-07-30,10875,10990,10875,10970,10906.7979,39575
2026-07-31,11000,11467,10951,11343,11277.6484,89978
2026-08-03,11313,11629,11257,11599,11532.1738,46101
2026-08-04,11530,11598,11364,11475,11408.8877,26227
2026-08-05,11510,11624,11419,11496,11429.7676,36376
2026-08-06,11496,11583,11387,11387,11321.3955,49087
2026-08-07,11400,11428,11263,11263,11198.1094,25976
2026-08-10,11263,11498,11219,11471,11404.9111,36334
2026-08-11,11490,11599,11412,11550,11483.4561,36058
2026-08-12,11587,11587,11410,11579,11512.2891,21972
2026-08-13,11570,11570,11410,11500,11433.7441,17501
2026-08-14,11540,11541,11387,11475,11408.8877,31456
2026-08-17,11511,11574,11306,11379,11313.4414,147900
2026-08-18,11379,11435,11211,11254,11189.1611,21569
2026-08-19,11264,11383,11234,11380,11314.4355,25169
2026-08-20,11380,11423,11303,11368,11302.5049,26558
2026-08-21,11360,11410,11280,11320,11254.7813,24339
2026-08-24,11250,11360,11050,11120,11055.9336,70315
2026-08-25,11120,11290,10811,11290,11224.9541,64609
2026-08-26,11270,11540,11223,11540,11473.5137,34213
2026-08-27,11440,11520,11331,11399,11333.3262,55310
2026-08-28,11406,11429,11250,11340,11274.666,31945
2026-08-31,11340,11644,11230,11644,11576.9141,51276
2026-09-01,11480,11500,11282,11310,11244.8389,44566
2026-09-02,11210,11247,11059,11100,11036.0488,32382
2026-09-03,11070,11260,11028,11165,11100.6738,114534
2026-09-04,11102,11355,11100,11162,11097.6914,37106
2026-09-07,11200,11200,10956,10956,10892.8779,40066
2026-09-08,11094,11124,10970,11046,10982.3594,28503
2026-09-09,11049,11133,11001,11078,11014.1758,18502
2026-09-10,11078,11078,10965,10992,10928.6709,18035
2026-09-11,10990,11146,10922,11134,11069.8525,49910
2026-09-14,11134,11134,11134,11134,11069.8525,0
2026-09-15,11134,11208,11060,11100,11036.0488,56888
2026-09-16,11011,11090,10925,10930,10867.0283,25570
2026-09-17,10928,11066,10884,11010,10946.5674,29620
2026-09-18,11094,11363,11070,11282,11217,56100
2026-09-21,11282,11434,11227,11409,11409,54157
2026-09-22,11312,11389,11103,11185,11185,71522
2026-09-23,11267,11449,11195,11449,11449,23489
